0,0
0.01,0
0.02,0
0.03,0
0.04,0
0.05,0
0.06,0
0.07,0
0.08,0
0.09,0
0.1,0
0.11,0
0.12,1
0.13,0
0.14,6
0.15,17
0.16,50
0.17,161
0.18,344
0.19,672
0.2,1193
0.21,1658
0.22,2099
0.23,2365
0.24,2548
0.25,2687
0.26,2701
0.27,2440
0.28,2056
0.29,1564
0.3,1033
0.31,648
0.32,345
0.33,182
0.34,105
0.35,78
0.36,65
0.37,65
0.38,59
0.39,59
0.4,56
0.41,83
0.42,78
0.43,89
0.44,82
0.45,96
0.46,146
0.47,165
0.48,201
0.49,261
0.5,354
0.51,402
0.52,372
0.53,360
0.54,310
0.55,209
0.56,165
0.57,117
0.58,78
0.59,84
0.6,56
0.61,72
0.62,61
0.63,94
0.64,119
0.65,115
0.66,151
0.67,193
0.68,188
0.69,158
0.7,137
0.71,121
0.72,93
0.73,75
0.74,77
0.75,63
0.76,62
0.77,62
0.78,65
0.79,65
0.8,74
0.81,62
0.82,66
0.83,79
0.84,59
0.85,65
0.86,68
0.87,71
0.88,83
0.89,73
0.9,72
0.91,68
0.92,94
0.93,67
0.94,74
0.95,75
0.96,77
0.97,88
0.98,106
0.99,119
1,134
1.01,154
1.02,163
1.03,189
1.04,194
1.05,197
1.06,194
1.07,163
1.08,155
1.09,143
1.1,140
1.11,122
1.12,117
1.13,107
1.14,129
1.15,118
1.16,125
1.17,142
1.18,124
1.19,127
1.2,141
1.21,133
1.22,127
1.23,131
1.24,128
1.25,135
1.26,152
1.27,95
1.28,106
1.29,106
1.3,106
1.31,129
1.32,130
1.33,120
1.34,126
1.35,143
1.36,117
1.37,150
1.38,147
1.39,159
1.4,146
1.41,172
1.42,163
1.43,178
1.44,183
1.45,207
1.46,224
1.47,235
1.48,277
1.49,346
1.5,386
1.51,400
1.52,436
1.53,464
1.54,454
1.55,502
1.56,409
1.57,364
1.58,317
1.59,280
1.6,232
1.61,221
1.62,192
1.63,181
1.64,200
1.65,198
1.66,274
1.67,331
1.68,451
1.69,659
1.7,962
1.71,1191
1.72,1453
1.73,1666
1.74,1707
1.75,1708
1.76,1683
1.77,1571
1.78,1196
1.79,1007
1.8,725
1.81,519
1.82,418
1.83,334
1.84,274
1.85,229
1.86,183
1.87,165
1.88,147
1.89,142
1.9,128
1.91,121
1.92,114
1.93,123
1.94,110
1.95,99
1.96,115
1.97,85
1.98,107
1.99,103
2,87
2.01,97
2.02,111
2.03,107
2.04,116
2.05,96
2.06,104
2.07,96
2.08,99
2.09,95
2.1,82
2.11,105
2.12,118
2.13,95
2.14,109
2.15,98
2.16,104
2.17,82
2.18,97
2.19,108
2.2,94
2.21,102
2.22,102
2.23,96
2.24,71
2.25,86
2.26,90
2.27,97
2.28,94
2.29,75
2.3,88
2.31,98
2.32,108
2.33,94
2.34,87
2.35,99
2.36,93
2.37,112
2.38,117
2.39,119
2.4,125
2.41,155
2.42,147
2.43,156
2.44,158
2.45,144
2.46,141
2.47,141
2.48,131
2.49,122
2.5,137
2.51,129
2.52,124
2.53,119
2.54,120
2.55,125
2.56,125
2.57,111
2.58,106
2.59,112
2.6,107
2.61,88
2.62,115
2.63,104
2.64,75
2.65,87
2.66,104
2.67,108
2.68,99
2.69,75
2.7,95
2.71,87
2.72,86
2.73,88
2.74,89
2.75,99
2.76,86
2.77,69
2.78,91
2.79,85
2.8,82
2.81,88
2.82,75
2.83,84
2.84,88
2.85,70
2.86,85
2.87,78
2.88,87
2.89,91
2.9,80
2.91,69
2.92,81
2.93,78
2.94,86
2.95,79
2.96,74
2.97,78
2.98,78
2.99,73
3,71
3.01,63
3.02,66
3.03,78
3.04,66
3.05,71
3.06,73
3.07,78
3.08,88
3.09,77
3.1,78
3.11,78
3.12,96
3.13,87
3.14,74
3.15,82
3.16,77
3.17,69
3.18,94
3.19,72
3.2,64
3.21,70
3.22,65
3.23,75
3.24,62
3.25,73
3.26,61
3.27,79
3.28,74
3.29,76
3.3,68
3.31,75
3.32,65
3.33,79
3.34,80
3.35,66
3.36,84
3.37,83
3.38,80
3.39,64
3.4,77
3.41,60
3.42,58
3.43,66
3.44,68
3.45,62
3.46,59
3.47,67
3.48,62
3.49,70
3.5,75
3.51,76
3.52,64
3.53,56
3.54,64
3.55,71
3.56,60
3.57,74
3.58,65
3.59,82
3.6,61
3.61,55
3.62,53
3.63,65
3.64,51
3.65,61
3.66,69
3.67,52
3.68,79
3.69,75
3.7,71
3.71,61
3.72,76
3.73,48
3.74,58
3.75,68
3.76,60
3.77,66
3.78,52
3.79,57
3.8,49
3.81,62
3.82,68
3.83,74
3.84,59
3.85,55
3.86,55
3.87,64
3.88,61
3.89,62
3.9,48
3.91,74
3.92,55
3.93,61
3.94,68
3.95,63
3.96,68
3.97,63
3.98,52
3.99,58
4,47
4.01,53
4.02,63
4.03,45
4.04,56
4.05,72
4.06,38
4.07,74
4.08,53
4.09,58
4.1,63
4.11,66
4.12,61
4.13,50
4.14,57
4.15,44
4.16,52
4.17,48
4.18,56
4.19,48
4.2,57
4.21,69
4.22,52
4.23,69
4.24,63
4.25,53
4.26,58
4.27,55
4.28,52
4.29,45
4.3,59
4.31,57
4.32,71
4.33,52
4.34,53
4.35,49
4.36,58
4.37,49
4.38,38
4.39,48
4.4,63
4.41,49
4.42,49
4.43,57
4.44,43
4.45,44
4.46,54
4.47,47
4.48,52
4.49,70
4.5,45
4.51,54
4.52,52
4.53,45
4.54,41
4.55,60
4.56,55
4.57,52
4.58,59
4.59,59
4.6,45
4.61,52
4.62,53
4.63,44
4.64,61
4.65,49
4.66,49
4.67,56
4.68,39
4.69,35
4.7,51
4.71,50
4.72,41
4.73,64
4.74,45
4.75,44
4.76,51
4.77,42
4.78,42
4.79,51
4.8,41
4.81,52
4.82,42
4.83,48
4.84,51
4.85,36
4.86,47
4.87,47
4.88,52
4.89,40
4.9,51
4.91,52
4.92,55
4.93,54
4.94,57
4.95,52
4.96,38
4.97,51
4.98,55
4.99,44
5,42
5.01,62
5.02,61
5.03,54
5.04,50
5.05,48
5.06,57
5.07,49
5.08,46
5.09,49
5.1,37
5.11,36
5.12,47
5.13,62
5.14,41
5.15,46
5.16,46
5.17,50
5.18,36
5.19,46
5.2,50
5.21,54
5.22,49
5.23,41
5.24,37
5.25,41
5.26,41
5.27,40
5.28,40
5.29,44
5.3,37
5.31,40
5.32,44
5.33,56
5.34,34
5.35,47
5.36,41
5.37,44
5.38,32
5.39,35
5.4,52
5.41,47
5.42,42
5.43,43
5.44,43
5.45,41
5.46,44
5.47,43
5.48,36
5.49,44
5.5,38
5.51,47
5.52,40
5.53,37
5.54,53
5.55,41
5.56,42
5.57,35
5.58,37
5.59,59
5.6,45
5.61,49
5.62,47
5.63,47
5.64,41
5.65,32
5.66,42
5.67,45
5.68,43
5.69,37
5.7,42
5.71,41
5.72,44
5.73,42
5.74,51
5.75,46
5.76,32
5.77,39
5.78,51
5.79,52
5.8,43
5.81,42
5.82,55
5.83,40
5.84,34
5.85,41
5.86,33
5.87,40
5.88,33
5.89,41
5.9,37
5.91,33
5.92,37
5.93,41
5.94,33
5.95,34
5.96,43
5.97,31
5.98,39
5.99,34
6,43
6.01,40
6.02,35
6.03,41
6.04,37
6.05,35
6.06,44
6.07,35
6.08,30
6.09,42
6.1,40
6.11,43
6.12,37
6.13,45
6.14,35
6.15,44
6.16,49
6.17,38
6.18,39
6.19,38
6.2,43
6.21,45
6.22,40
6.23,35
6.24,43
6.25,33
6.26,40
6.27,44
6.28,40
6.29,47
6.3,44
6.31,51
6.32,38
6.33,47
6.34,54
6.35,50
6.36,53
6.37,53
6.38,63
6.39,64
6.4,55
6.41,62
6.42,69
6.43,72
6.44,62
6.45,60
6.46,63
6.47,38
6.48,54
6.49,40
6.5,45
6.51,44
6.52,48
6.53,58
6.54,38
6.55,44
6.56,38
6.57,36
6.58,43
6.59,39
6.6,39
6.61,33
6.62,55
6.63,29
6.64,35
6.65,37
6.66,32
6.67,35
6.68,39
6.69,47
6.7,32
6.71,28
6.72,17
6.73,32
6.74,37
6.75,39
6.76,43
6.77,32
6.78,32
6.79,33
6.8,30
6.81,31
6.82,33
6.83,40
6.84,38
6.85,29
6.86,36
6.87,50
6.88,51
6.89,26
6.9,34
6.91,55
6.92,40
6.93,44
6.94,48
6.95,38
6.96,37
6.97,44
6.98,57
6.99,43
7,41
7.01,48
7.02,47
7.03,37
7.04,33
7.05,51
7.06,39
7.07,38
7.08,37
7.09,32
7.1,39
7.11,29
7.12,35
7.13,38
7.14,41
7.15,38
7.16,27
7.17,34
7.18,28
7.19,25
7.2,32
7.21,34
7.22,33
7.23,37
7.24,39
7.25,44
7.26,42
7.27,41
7.28,45
7.29,38
7.3,46
7.31,43
7.32,38
7.33,49
7.34,55
7.35,82
7.36,79
7.37,79
7.38,90
7.39,105
7.4,108
7.41,98
7.42,128
7.43,110
7.44,120
7.45,127
7.46,115
7.47,128
7.48,98
7.49,100
7.5,85
7.51,76
7.52,82
7.53,69
7.54,66
7.55,53
7.56,62
7.57,41
7.58,53
7.59,39
7.6,51
7.61,39
7.62,23
7.63,27
7.64,20
7.65,41
7.66,32
7.67,30
7.68,34
7.69,30
7.7,42
7.71,23
7.72,23
7.73,35
7.74,33
7.75,26
7.76,28
7.77,26
7.78,36
7.79,44
7.8,34
7.81,35
7.82,26
7.83,31
7.84,32
7.85,29
7.86,36
7.87,41
7.88,40
7.89,36
7.9,29
7.91,34
7.92,39
7.93,33
7.94,26
7.95,35
7.96,38
7.97,30
7.98,36
7.99,32
8,37
8.01,34
8.02,35
8.03,35
8.04,37
8.05,50
8.06,35
8.07,36
8.08,45
8.09,34
8.1,39
8.11,32
8.12,36
8.13,38
8.14,23
8.15,36
8.16,31
8.17,35
8.18,35
8.19,25
8.2,31
8.21,42
8.22,29
8.23,32
8.24,34
8.25,35
8.26,32
8.27,42
8.28,32
8.29,40
8.3,47
8.31,52
8.32,41
8.33,48
8.34,44
8.35,51
8.36,54
8.37,57
8.38,61
8.39,71
8.4,61
8.41,55
8.42,46
8.43,56
8.44,49
8.45,65
8.46,54
8.47,57
8.48,55
8.49,63
8.5,53
8.51,58
8.52,48
8.53,52
8.54,48
8.55,39
8.56,36
8.57,44
8.58,38
8.59,43
8.6,38
8.61,30
8.62,42
8.63,29
8.64,39
8.65,41
8.66,38
8.67,22
8.68,31
8.69,41
8.7,43
8.71,32
8.72,41
8.73,39
8.74,39
8.75,30
8.76,47
8.77,40
8.78,49
8.79,36
8.8,37
8.81,43
8.82,43
8.83,48
8.84,32
8.85,33
8.86,40
8.87,43
8.88,25
8.89,40
8.9,29
8.91,35
8.92,31
8.93,38
8.94,22
8.95,28
8.96,28
8.97,26
8.98,24
8.99,26
9,39
9.01,29
9.02,23
9.03,28
9.04,21
9.05,34
9.06,30
9.07,26
9.08,35
9.09,17
9.1,33
9.11,27
9.12,31
9.13,29
9.14,27
9.15,26
9.16,17
9.17,21
9.18,26
9.19,22
9.2,23
9.21,26
9.22,27
9.23,27
9.24,24
9.25,26
9.26,22
9.27,37
9.28,19
9.29,26
9.3,16
9.31,23
9.32,20
9.33,16
9.34,19
9.35,30
9.36,23
9.37,15
9.38,29
9.39,25
9.4,28
9.41,29
9.42,33
9.43,20
9.44,16
9.45,18
9.46,27
9.47,28
9.48,22
9.49,24
9.5,25
9.51,33
9.52,16
9.53,18
9.54,26
9.55,21
9.56,24
9.57,24
9.58,29
9.59,21
9.6,22
9.61,20
9.62,23
9.63,25
9.64,19
9.65,23
9.66,32
9.67,24
9.68,19
9.69,26
9.7,33
9.71,30
9.72,25
9.73,18
9.74,28
9.75,37
9.76,29
9.77,22
9.78,28
9.79,25
9.8,25
9.81,34
9.82,36
9.83,27
9.84,28
9.85,29
9.86,25
9.87,27
9.88,23
9.89,28
9.9,18
9.91,27
9.92,20
9.93,28
9.94,20
9.95,16
9.96,23
9.97,29
9.98,17
9.99,21
10,17
10.01,28
10.02,23
10.03,22
10.04,27
10.05,19
10.06,33
10.07,33
10.08,24
10.09,27
10.1,26
10.11,18
10.12,24
10.13,25
10.14,25
10.15,29
10.16,21
10.17,21
10.18,28
10.19,21
10.2,22
10.21,21
10.22,26
10.23,28
10.24,34
10.25,18
10.26,18
10.27,20
10.28,27
10.29,25
10.3,18
10.31,21
10.32,24
10.33,31
10.34,21
10.35,27
10.36,18
10.37,18
10.38,22
10.39,22
10.4,11
10.41,30
10.42,31
10.43,20
10.44,29
10.45,17
10.46,27
10.47,26
10.48,22
10.49,26
10.5,25
10.51,18
10.52,20
10.53,18
10.54,23
10.55,25
10.56,28
10.57,32
10.58,19
10.59,33
10.6,22
10.61,27
10.62,21
10.63,25
10.64,23
10.65,26
10.66,25
10.67,31
10.68,14
10.69,31
10.7,19
10.71,26
10.72,35
10.73,32
10.74,26
10.75,23
10.76,21
10.77,34
10.78,25
10.79,24
10.8,28
10.81,30
10.82,28
10.83,29
10.84,29
10.85,21
10.86,36
10.87,37
10.88,21
10.89,27
10.9,36
10.91,27
10.92,27
10.93,21
10.94,29
10.95,34
10.96,25
10.97,23
10.98,20
10.99,17
11,23
11.01,25
11.02,16
11.03,21
11.04,23
11.05,26
11.06,23
11.07,19
11.08,21
11.09,23
11.1,27
11.11,20
11.12,24
11.13,22
11.14,18
11.15,28
11.16,21
11.17,25
11.18,23
11.19,25
11.2,20
11.21,14
11.22,16
11.23,18
11.24,29
11.25,21
11.26,18
11.27,15
11.28,32
11.29,20
11.3,24
11.31,16
11.32,23
11.33,23
11.34,22
11.35,21
11.36,18
11.37,24
11.38,18
11.39,23
11.4,26
11.41,25
11.42,22
11.43,15
11.44,20
11.45,28
11.46,23
11.47,27
11.48,20
11.49,21
11.5,23
11.51,26
11.52,14
11.53,16
11.54,20
11.55,18
11.56,22
11.57,22
11.58,15
11.59,25
11.6,25
11.61,21
11.62,17
11.63,29
11.64,20
11.65,17
11.66,16
11.67,19
11.68,21
11.69,27
11.7,16
11.71,23
11.72,30
11.73,13
11.74,15
11.75,14
11.76,24
11.77,18
11.78,18
11.79,20
11.8,17
11.81,25
11.82,22
11.83,21
11.84,16
11.85,21
11.86,14
11.87,20
11.88,21
11.89,17
11.9,21
11.91,21
11.92,23
11.93,16
11.94,21
11.95,20
11.96,19
11.97,23
11.98,23
11.99,15
12,15
12.01,22
12.02,22
12.03,15
12.04,22
12.05,21
12.06,20
12.07,28
12.08,26
12.09,25
12.1,25
12.11,16
12.12,15
12.13,16
12.14,25
12.15,19
12.16,14
12.17,28
12.18,25
12.19,26
12.2,17
12.21,14
12.22,20
12.23,22
12.24,16
12.25,16
12.26,21
12.27,24
12.28,26
12.29,17
12.3,16
12.31,25
12.32,16
12.33,15
12.34,20
12.35,18
12.36,13
12.37,16
12.38,19
12.39,19
12.4,20
12.41,16
12.42,16
12.43,18
12.44,20
12.45,25
12.46,16
12.47,23
12.48,19
12.49,15
12.5,18
12.51,18
12.52,19
12.53,18
12.54,15
12.55,21
12.56,19
12.57,22
12.58,28
12.59,17
12.6,24
12.61,16
12.62,26
12.63,15
12.64,13
12.65,25
12.66,23
12.67,22
12.68,24
12.69,15
12.7,30
12.71,21
12.72,20
12.73,17
12.74,13
12.75,18
12.76,21
12.77,20
12.78,16
12.79,14
12.8,24
12.81,27
12.82,19
12.83,21
12.84,27
12.85,17
12.86,24
12.87,19
12.88,26
12.89,21
12.9,18
12.91,9
12.92,21
12.93,25
12.94,19
12.95,21
12.96,11
12.97,19
12.98,24
12.99,14
13,14
13.01,23
13.02,14
13.03,25
13.04,25
13.05,21
13.06,31
13.07,20
13.08,20
13.09,21
13.1,22
13.11,25
13.12,28
13.13,19
13.14,19
13.15,15
13.16,18
13.17,15
13.18,18
13.19,13
13.2,21
13.21,19
13.22,22
13.23,15
13.24,14
13.25,15
13.26,23
13.27,21
13.28,13
13.29,23
13.3,14
13.31,18
13.32,17
13.33,11
13.34,20
13.35,24
13.36,20
13.37,15
13.38,22
13.39,16
13.4,13
13.41,17
13.42,20
13.43,17
13.44,23
13.45,16
13.46,24
13.47,11
13.48,9
13.49,14
13.5,20
13.51,19
13.52,15
13.53,19
13.54,20
13.55,13
13.56,16
13.57,9
13.58,21
13.59,17
13.6,19
13.61,15
13.62,19
13.63,10
13.64,12
13.65,24
13.66,16
13.67,20
13.68,18
13.69,11
13.7,25
13.71,11
13.72,13
13.73,15
13.74,20
13.75,19
13.76,24
13.77,20
13.78,15
13.79,11
13.8,17
13.81,21
13.82,13
13.83,19
13.84,13
13.85,21
13.86,8
13.87,23
13.88,18
13.89,21
13.9,12
13.91,14
13.92,11
13.93,14
13.94,10
13.95,16
13.96,9
13.97,14
13.98,16
13.99,13
14,25
14.01,17
14.02,18
14.03,14
14.04,20
14.05,18
14.06,22
14.07,13
14.08,18
14.09,13
14.1,20
14.11,18
14.12,15
14.13,18
14.14,15
14.15,16
14.16,12
14.17,28
14.18,13
14.19,19
14.2,22
14.21,16
14.22,19
14.23,21
14.24,16
14.25,19
14.26,13
14.27,18
14.28,16
14.29,23
14.3,15
14.31,20
14.32,13
14.33,20
14.34,21
14.35,19
14.36,13
14.37,16
14.38,14
14.39,18
14.4,13
14.41,11
14.42,16
14.43,22
14.44,25
14.45,14
14.46,17
14.47,19
14.48,16
14.49,17
14.5,21
14.51,15
14.52,21
14.53,13
14.54,15
14.55,22
14.56,16
14.57,13
14.58,18
14.59,22
14.6,10
14.61,21
14.62,17
14.63,16
14.64,12
14.65,14
14.66,15
14.67,13
14.68,24
14.69,12
14.7,15
14.71,24
14.72,19
14.73,16
14.74,19
14.75,18
14.76,12
14.77,9
14.78,12
14.79,13
14.8,23
14.81,13
14.82,13
14.83,21
14.84,11
14.85,17
14.86,17
14.87,19
14.88,7
14.89,21
14.9,19
14.91,13
14.92,21
14.93,25
14.94,16
14.95,20
14.96,20
14.97,12
14.98,17
14.99,18
15,21
15.01,14
15.02,12
15.03,16
15.04,18
15.05,16
15.06,16
15.07,9
15.08,25
15.09,12
15.1,11
15.11,19
15.12,17
15.13,11
15.14,13
15.15,16
15.16,15
15.17,11
15.18,13
15.19,8
15.2,15
15.21,16
15.22,15
15.23,9
15.24,14
15.25,14
15.26,13
15.27,13
15.28,17
15.29,12
15.3,14
15.31,11
15.32,19
15.33,24
15.34,16
15.35,17
15.36,17
15.37,14
15.38,32
15.39,11
15.4,14
15.41,14
15.42,19
15.43,15
15.44,18
15.45,20
15.46,12
15.47,19
15.48,17
15.49,19
15.5,11
15.51,19
15.52,12
15.53,10
15.54,16
15.55,9
15.56,18
15.57,11
15.58,12
15.59,14
15.6,14
15.61,17
15.62,17
15.63,13
15.64,16
15.65,20
15.66,15
15.67,16
15.68,10
15.69,13
15.7,14
15.71,16
15.72,10
15.73,14
15.74,14
15.75,12
15.76,13
15.77,16
15.78,14
15.79,10
15.8,8
15.81,10
15.82,13
15.83,9
15.84,19
15.85,18
15.86,13
15.87,14
15.88,17
15.89,16
15.9,13
15.91,16
15.92,11
15.93,19
15.94,14
15.95,12
15.96,13
15.97,19
15.98,19
15.99,12
16,23
16.01,18
16.02,10
16.03,8
16.04,18
16.05,10
16.06,13
16.07,6
16.08,15
16.09,14
16.1,12
16.11,21
16.12,18
16.13,16
16.14,12
16.15,11
16.16,16
16.17,8
16.18,17
16.19,12
16.2,10
16.21,16
16.22,15
16.23,16
16.24,14
16.25,18
16.26,8
16.27,22
16.28,14
16.29,19
16.3,17
16.31,11
16.32,13
16.33,11
16.34,14
16.35,10
16.36,10
16.37,16
16.38,10
16.39,10
16.4,19
16.41,16
16.42,10
16.43,11
16.44,13
16.45,14
16.46,9
16.47,21
16.48,11
16.49,16
16.5,17
16.51,10
16.52,14
16.53,15
16.54,12
16.55,20
16.56,15
16.57,15
16.58,15
16.59,19
16.6,6
16.61,14
16.62,11
16.63,15
16.64,11
16.65,13
16.66,14
16.67,16
16.68,16
16.69,8
16.7,11
16.71,15
16.72,13
16.73,16
16.74,13
16.75,15
16.76,7
16.77,15
16.78,10
16.79,10
16.8,15
16.81,7
16.82,14
16.83,16
16.84,17
16.85,15
16.86,21
16.87,13
16.88,10
16.89,12
16.9,10
16.91,16
16.92,22
16.93,12
16.94,9
16.95,11
16.96,12
16.97,12
16.98,23
16.99,8
17,11
17.01,14
17.02,15
17.03,7
17.04,9
17.05,19
17.06,19
17.07,17
17.08,12
17.09,20
17.1,18
17.11,13
17.12,12
17.13,10
17.14,18
17.15,18
17.16,9
17.17,18
17.18,11
17.19,17
17.2,11
17.21,8
17.22,11
17.23,15
17.24,21
17.25,9
17.26,13
17.27,15
17.28,15
17.29,11
17.3,14
17.31,18
17.32,16
17.33,12
17.34,7
17.35,11
17.36,9
17.37,11
17.38,5
17.39,9
17.4,16
17.41,15
17.42,16
17.43,14
17.44,9
17.45,14
17.46,12
17.47,13
17.48,11
17.49,17
17.5,19
17.51,14
17.52,8
17.53,11
17.54,16
17.55,13
17.56,16
17.57,15
17.58,18
17.59,14
17.6,12
17.61,10
17.62,16
17.63,8
17.64,17
17.65,17
17.66,10
17.67,9
17.68,9
17.69,18
17.7,13
17.71,13
17.72,15
17.73,9
17.74,10
17.75,14
17.76,10
17.77,11
17.78,12
17.79,10
17.8,17
17.81,18
17.82,12
17.83,13
17.84,13
17.85,10
17.86,10
17.87,8
17.88,18
17.89,9
17.9,14
17.91,14
17.92,13
17.93,10
17.94,10
17.95,10
17.96,11
17.97,9
17.98,13
17.99,19
18,12
18.01,14
18.02,13
18.03,11
18.04,14
18.05,11
18.06,10
18.07,7
18.08,19
18.09,16
18.1,12
18.11,13
18.12,10
18.13,11
18.14,11
18.15,17
18.16,11
18.17,15
18.18,12
18.19,9
18.2,9
18.21,10
18.22,9
18.23,15
18.24,10
18.25,12
18.26,13
18.27,8
18.28,15
18.29,15
18.3,10
18.31,10
18.32,9
18.33,11
18.34,10
18.35,9
18.36,9
18.37,8
18.38,9
18.39,10
18.4,16
18.41,18
18.42,10
18.43,13
18.44,12
18.45,10
18.46,6
18.47,12
18.48,12
18.49,15
18.5,6
18.51,13
18.52,12
18.53,9
18.54,18
18.55,11
18.56,18
18.57,9
18.58,13
18.59,11
18.6,11
18.61,11
18.62,9
18.63,16
18.64,14
18.65,13
18.66,7
18.67,12
18.68,8
18.69,14
18.7,16
18.71,9
18.72,11
18.73,15
18.74,11
18.75,10
18.76,12
18.77,11
18.78,13
18.79,13
18.8,9
18.81,13
18.82,6
18.83,8
18.84,17
18.85,9
18.86,16
18.87,12
18.88,11
18.89,14
18.9,15
18.91,9
18.92,11
18.93,9
18.94,17
18.95,4
18.96,11
18.97,12
18.98,12
18.99,6
19,11
19.01,12
19.02,6
19.03,6
19.04,11
19.05,7
19.06,12
19.07,12
19.08,10
19.09,12
19.1,12
19.11,12
19.12,15
19.13,11
19.14,13
19.15,13
19.16,11
19.17,12
19.18,13
19.19,8
19.2,7
19.21,11
19.22,9
19.23,4
19.24,9
19.25,14
19.26,8
19.27,7
19.28,12
19.29,12
19.3,11
19.31,15
19.32,11
19.33,11
19.34,8
19.35,11
19.36,11
19.37,6
19.38,8
19.39,8
19.4,14
19.41,9
19.42,14
19.43,5
19.44,9
19.45,14
19.46,11
19.47,16
19.48,9
19.49,16
19.5,17
19.51,9
19.52,9
19.53,11
19.54,11
19.55,10
19.56,14
19.57,9
19.58,12
19.59,8
19.6,10
19.61,10
19.62,10
19.63,5
19.64,9
19.65,10
19.66,9
19.67,8
19.68,3
19.69,13
19.7,14
19.71,15
19.72,7
19.73,8
19.74,8
19.75,6
19.76,7
19.77,13
19.78,6
19.79,6
19.8,15
19.81,8
19.82,7
19.83,14
19.84,13
19.85,10
19.86,11
19.87,18
19.88,10
19.89,8
19.9,9
19.91,12
19.92,10
19.93,15
19.94,6
19.95,12
19.96,7
19.97,8
19.98,11
19.99,4
20,7
20.01,15
20.02,11
20.03,7
20.04,9
20.05,10
20.06,7
20.07,10
20.08,17
20.09,9
20.1,9
20.11,10
20.12,7
20.13,9
20.14,7
20.15,8
20.16,11
20.17,10
20.18,14
20.19,10
20.2,8
20.21,5
20.22,3
20.23,14
20.24,7
20.25,16
20.26,15
20.27,8
20.28,8
20.29,6
20.3,6
20.31,6
20.32,7
20.33,8
20.34,14
20.35,5
20.36,11
20.37,7
20.38,10
20.39,11
20.4,15
20.41,10
20.42,15
20.43,16
20.44,11
20.45,7
20.46,12
20.47,10
20.48,19
20.49,5
20.5,8
20.51,12
20.52,5
20.53,9
20.54,7
20.55,9
20.56,4
20.57,6
20.58,4
20.59,12
20.6,12
20.61,11
20.62,9
20.63,12
20.64,7
20.65,9
20.66,7
20.67,12
20.68,9
20.69,6
20.7,14
20.71,7
20.72,5
20.73,14
20.74,9
20.75,11
20.76,12
20.77,9
20.78,9
20.79,12
20.8,11
20.81,16
20.82,7
20.83,4
20.84,11
20.85,8
20.86,7
20.87,13
20.88,12
20.89,10
20.9,12
20.91,8
20.92,11
20.93,5
20.94,6
20.95,5
20.96,10
20.97,4
20.98,7
20.99,7
21,9
21.01,7
21.02,13
21.03,7
21.04,13
21.05,9
21.06,11
21.07,9
21.08,12
21.09,8
21.1,9
21.11,11
21.12,12
21.13,7
21.14,11
21.15,7
21.16,5
21.17,16
21.18,5
21.19,11
21.2,6
21.21,4
21.22,6
21.23,13
21.24,11
21.25,8
21.26,8
21.27,10
21.28,9
21.29,16
21.3,7
21.31,8
21.32,6
21.33,3
21.34,10
21.35,7
21.36,7
21.37,6
21.38,14
21.39,8
21.4,8
21.41,11
21.42,5
21.43,6
21.44,8
21.45,7
21.46,7
21.47,6
21.48,10
21.49,8
21.5,6
21.51,12
21.52,6
21.53,4
21.54,11
21.55,3
21.56,9
21.57,12
21.58,7
21.59,16
21.6,10
21.61,7
21.62,7
21.63,10
21.64,7
21.65,5
21.66,7
21.67,11
21.68,5
21.69,9
21.7,11
21.71,3
21.72,17
21.73,8
21.74,10
21.75,8
21.76,13
21.77,10
21.78,5
21.79,3
21.8,16
21.81,6
21.82,6
21.83,10
21.84,8
21.85,12
21.86,11
21.87,3
21.88,12
21.89,9
21.9,2
21.91,4
21.92,10
21.93,5
21.94,12
21.95,8
21.96,2
21.97,7
21.98,9
21.99,7
22,12
22.01,9
22.02,12
22.03,9
22.04,4
22.05,8
22.06,6
22.07,2
22.08,8
22.09,11
22.1,10
22.11,9
22.12,5
22.13,6
22.14,9
22.15,4
22.16,9
22.17,5
22.18,10
22.19,7
22.2,10
22.21,6
22.22,8
22.23,5
22.24,11
22.25,8
22.26,9
22.27,11
22.28,7
22.29,9
22.3,8
22.31,5
22.32,12
22.33,8
22.34,11
22.35,9
22.36,5
22.37,10
22.38,5
22.39,5
22.4,6
22.41,7
22.42,7
22.43,6
22.44,9
22.45,7
22.46,10
22.47,6
22.48,5
22.49,5
22.5,5
22.51,16
22.52,7
22.53,7
22.54,9
22.55,4
22.56,9
22.57,6
22.58,4
22.59,4
22.6,6
22.61,11
22.62,9
22.63,10
22.64,7
22.65,4
22.66,4
22.67,3
22.68,9
22.69,6
22.7,4
22.71,7
22.72,7
22.73,6
22.74,6
22.75,11
22.76,10
22.77,8
22.78,3
22.79,8
22.8,8
22.81,9
22.82,9
22.83,8
22.84,7
22.85,8
22.86,6
22.87,5
22.88,4
22.89,6
22.9,9
22.91,4
22.92,9
22.93,8
22.94,3
22.95,10
22.96,6
22.97,14
22.98,6
22.99,7
23,8
23.01,9
23.02,4
23.03,2
23.04,4
23.05,10
23.06,16
23.07,6
23.08,9
23.09,10
23.1,7
23.11,6
23.12,2
23.13,4
23.14,10
23.15,5
23.16,6
23.17,6
23.18,9
23.19,9
23.2,7
23.21,2
23.22,11
23.23,7
23.24,3
23.25,8
23.26,4
23.27,5
23.28,4
23.29,7
23.3,5
23.31,3
23.32,9
23.33,8
23.34,8
23.35,8
23.36,6
23.37,10
23.38,7
23.39,8
23.4,8
23.41,4
23.42,5
23.43,7
23.44,8
23.45,4
23.46,5
23.47,6
23.48,7
23.49,4
23.5,6
23.51,10
23.52,2
23.53,9
23.54,3
23.55,6
23.56,5
23.57,5
23.58,4
23.59,11
23.6,7
23.61,5
23.62,8
23.63,6
23.64,10
23.65,5
23.66,10
23.67,9
23.68,14
23.69,10
23.7,5
23.71,5
23.72,3
23.73,4
23.74,7
23.75,2
23.76,9
23.77,6
23.78,5
23.79,3
23.8,5
23.81,2
23.82,6
23.83,5
23.84,5
23.85,6
23.86,2
23.87,8
23.88,7
23.89,8
23.9,4
23.91,5
23.92,6
23.93,4
23.94,9
23.95,6
23.96,10
23.97,5
23.98,5
23.99,5
24,2
24.01,2
24.02,5
24.03,5
24.04,6
24.05,9
24.06,9
24.07,5
24.08,7
24.09,6
24.1,5
24.11,8
24.12,8
24.13,8
24.14,5
24.15,3
24.16,1
24.17,6
24.18,5
24.19,6
24.2,11
24.21,2
24.22,4
24.23,5
24.24,4
24.25,4
24.26,4
24.27,3
24.28,5
24.29,10
24.3,4
24.31,8
24.32,6
24.33,4
24.34,4
24.35,4
24.36,4
24.37,4
24.38,5
24.39,4
24.4,6
24.41,3
24.42,8
24.43,8
24.44,2
24.45,2
24.46,5
24.47,0
24.48,6
24.49,2
24.5,6
24.51,3
24.52,5
24.53,9
24.54,4
24.55,4
24.56,6
24.57,7
24.58,5
24.59,6
24.6,5
24.61,6
24.62,6
24.63,8
24.64,6
24.65,8
24.66,5
24.67,4
24.68,4
24.69,2
24.7,5
24.71,3
24.72,5
24.73,4
24.74,5
24.75,3
24.76,7
24.77,5
24.78,5
24.79,4
24.8,4
24.81,7
24.82,3
24.83,5
24.84,4
24.85,2
24.86,4
24.87,5
24.88,8
24.89,5
24.9,5
24.91,3
24.92,5
24.93,3
24.94,3
24.95,1
24.96,4
24.97,12
24.98,6
24.99,4
25,5
25.01,3
25.02,5
25.03,8
25.04,2
25.05,4
25.06,4
25.07,2
25.08,3
25.09,6
25.1,9
25.11,6
25.12,4
25.13,3
25.14,4
25.15,4
25.16,1
25.17,1
25.18,3
25.19,7
25.2,4
25.21,2
25.22,3
25.23,1
25.24,1
25.25,5
25.26,6
25.27,3
25.28,3
25.29,1
25.3,5
25.31,2
25.32,6
25.33,1
25.34,2
25.35,2
25.36,4
25.37,3
25.38,2
25.39,5
25.4,5
25.41,3
25.42,1
25.43,4
25.44,1
25.45,1
25.46,4
25.47,4
25.48,1
25.49,4
25.5,2
25.51,2
25.52,1
25.53,2
25.54,4
25.55,4
25.56,4
25.57,4
25.58,4
25.59,6
25.6,1
25.61,2
25.62,6
25.63,3
25.64,6
25.65,2
25.66,3
25.67,0
25.68,4
25.69,6
25.7,3
25.71,4
25.72,1
25.73,5
25.74,1
25.75,1
25.76,4
25.77,4
25.78,4
25.79,5
25.8,3
25.81,2
25.82,2
25.83,3
25.84,4
25.85,3
25.86,2
25.87,1
25.88,0
25.89,5
25.9,0
25.91,1
25.92,2
25.93,2
25.94,6
25.95,2
25.96,1
25.97,0
25.98,3
25.99,5
26,0
26.01,5
26.02,1
26.03,2
26.04,1
26.05,1
26.06,3
26.07,4
26.08,3
26.09,1
26.1,1
26.11,2
26.12,0
26.13,5
26.14,2
26.15,2
26.16,4
26.17,0
26.18,4
26.19,3
26.2,2
26.21,1
26.22,4
26.23,1
26.24,4
26.25,2
26.26,2
26.27,1
26.28,3
26.29,2
26.3,2
26.31,2
26.32,3
26.33,1
26.34,1
26.35,2
26.36,2
26.37,2
26.38,3
26.39,4
26.4,1
26.41,2
26.42,4
26.43,2
26.44,3
26.45,1
26.46,1
26.47,2
26.48,4
26.49,3
26.5,0
26.51,3
26.52,4
26.53,3
26.54,0
26.55,0
26.56,1
26.57,0
26.58,5
26.59,2
26.6,1
26.61,4
26.62,2
26.63,1
26.64,2
26.65,3
26.66,5
26.67,3
26.68,2
26.69,1
26.7,0
26.71,1
26.72,1
26.73,2
26.74,4
26.75,3
26.76,1
26.77,0
26.78,1
26.79,2
26.8,1
26.81,3
26.82,2
26.83,4
26.84,1
26.85,3
26.86,1
26.87,2
26.88,2
26.89,2
26.9,0
26.91,0
26.92,3
26.93,1
26.94,1
26.95,2
26.96,2
26.97,3
26.98,3
26.99,1
27,2
27.01,0
27.02,1
27.03,1
27.04,0
27.05,4
27.06,1
27.07,2
27.08,3
27.09,1
27.1,2
27.11,1
27.12,0
27.13,0
27.14,1
27.15,2
27.16,3
27.17,0
27.18,2
27.19,1
27.2,1
27.21,0
27.22,2
27.23,1
27.24,1
27.25,1
27.26,0
27.27,1
27.28,3
27.29,0
27.3,0
27.31,0
27.32,2
27.33,0
27.34,3
27.35,1
27.36,0
27.37,0
27.38,1
27.39,0
27.4,1
27.41,0
27.42,0
27.43,0
27.44,1
27.45,0
27.46,0
27.47,3
27.48,1
27.49,2
27.5,0
27.51,0
27.52,1
27.53,0
27.54,1
27.55,1
27.56,0
27.57,0
27.58,3
27.59,0
27.6,0
27.61,0
27.62,2
27.63,0
27.64,1
27.65,0
27.66,1
27.67,1
27.68,1
27.69,1
27.7,1
27.71,2
27.72,0
27.73,0
27.74,1
27.75,2
27.76,1
27.77,2
27.78,1
27.79,2
27.8,1
27.81,1
27.82,0
27.83,1
27.84,0
27.85,1
27.86,0
27.87,0
27.88,1
27.89,0
27.9,0
27.91,2
27.92,1
27.93,1
27.94,0
27.95,0
27.96,0
27.97,0
27.98,0
27.99,2
28,0
28.01,1
28.02,0
28.03,0
28.04,0
28.05,0
28.06,1
28.07,1
28.08,0
28.09,1
28.1,1
28.11,0
28.12,0
28.13,0
28.14,0
28.15,0
28.16,0
28.17,0
28.18,2
28.19,0
28.2,0
28.21,0
28.22,0
28.23,1
28.24,0
28.25,0
28.26,0
28.27,0
28.28,0
28.29,0
28.3,0
28.31,0
28.32,0
28.33,0
28.34,0
28.35,0
28.36,0
28.37,0
28.38,0
28.39,0
28.4,0
28.41,0
28.42,0
28.43,0
28.44,0
28.45,0
28.46,0
28.47,0
28.48,0
28.49,0
28.5,0
28.51,1
28.52,0
28.53,0
28.54,0
28.55,0
28.56,1
28.57,0
28.58,0
28.59,1
28.6,0
28.61,0
28.62,0
28.63,0
28.64,0
28.65,0
28.66,1
28.67,0
28.68,0
28.69,0
28.7,0
28.71,0
28.72,0
28.73,1
28.74,0
28.75,0
28.76,0
28.77,0
28.78,0
28.79,0
28.8,0
28.81,0
28.82,0
28.83,0
28.84,0
28.85,0
28.86,2
28.87,0
28.88,1
28.89,0
28.9,0
28.91,0
28.92,0
28.93,0
28.94,0
28.95,0
28.96,0
28.97,0
28.98,0
28.99,0
29,0
29.01,0
29.02,0
29.03,0
29.04,0
29.05,0
29.06,0
29.07,0
29.08,0
29.09,0
29.1,0
29.11,0
29.12,0
29.13,0
29.14,0
29.15,1
29.16,0
29.17,0
29.18,0
29.19,0
29.2,0
29.21,0
29.22,0
29.23,0
29.24,0
29.25,0
29.26,1
29.27,0
29.28,0
29.29,0
29.3,0
29.31,0
29.32,0
29.33,0
29.34,1
29.35,0
29.36,0
29.37,0
29.38,0
29.39,0
29.4,1
29.41,0
29.42,0
29.43,0
29.44,0
29.45,0
29.46,0
29.47,0
29.48,0
29.49,0
29.5,0
29.51,0
29.52,0
29.53,0
29.54,0
29.55,0
29.56,0
29.57,0
29.58,0
29.59,0
29.6,0
29.61,0
29.62,0
29.63,0
29.64,0
29.65,0
29.66,0
29.67,0
29.68,0
29.69,0
29.7,0
29.71,0
29.72,0
29.73,0
29.74,0
29.75,0
29.76,0
29.77,0
29.78,0
29.79,0
29.8,0
29.81,0
29.82,0
29.83,0
29.84,0
29.85,0
29.86,0
29.87,0
29.88,0
29.89,0
29.9,0
29.91,0
29.92,0
29.93,0
29.94,0
29.95,0
29.96,0
29.97,0
29.98,0
29.99,0
30,0
30.01,0
30.02,0
30.03,0
30.04,0
30.05,0
30.06,0
30.07,0
30.08,0
30.09,0
30.1,0
30.11,0
30.12,0
30.13,0
30.14,0
30.15,0
30.16,0
30.17,0
30.18,0
30.19,0
30.2,0
30.21,0
30.22,0
30.23,0
30.24,0
30.25,0
30.26,0
30.27,0
30.28,0
30.29,0
30.3,0
30.31,0
30.32,0
30.33,0
30.34,0
30.35,0
30.36,0
30.37,0
30.38,0
30.39,0
30.4,0
30.41,0
30.42,0
30.43,0
30.44,0
30.45,0
30.46,1
30.47,0
30.48,0
30.49,0
30.5,0
30.51,0
30.52,0
30.53,0
30.54,0
30.55,0
30.56,0
30.57,0
30.58,0
30.59,0
30.6,0
30.61,0
30.62,0
30.63,0
30.64,0
30.65,0
30.66,0
30.67,0
30.68,0
30.69,0
30.7,0
30.71,0
30.72,0
30.73,0
30.74,0
30.75,0
30.76,0
30.77,0
30.78,0
30.79,0
30.8,0
30.81,0
30.82,0
30.83,0
30.84,0
30.85,0
30.86,0
30.87,0
30.88,0
30.89,0
30.9,0
30.91,0
30.92,0
30.93,0
30.94,0
30.95,0
30.96,0
30.97,0
30.98,0
30.99,0
31,0
31.01,0
31.02,0
31.03,0
31.04,0
31.05,0
31.06,0
31.07,0
31.08,0
31.09,0
31.1,0
31.11,0
31.12,0
31.13,0
31.14,0
31.15,0
31.16,0
31.17,0
31.18,0
31.19,0
31.2,0
31.21,0
31.22,0
31.23,0
31.24,0
31.25,0
31.26,0
31.27,0
31.28,0
31.29,0
31.3,0
31.31,0
31.32,0
31.33,0
31.34,0
31.35,0
31.36,0
31.37,0
31.38,0
31.39,0
31.4,0
31.41,0
31.42,0
31.43,0
31.44,0
31.45,0
31.46,0
31.47,0
31.48,0
31.49,0
31.5,0
31.51,0
31.52,0
31.53,0
31.54,0
31.55,0
31.56,0
31.57,0
31.58,0
31.59,0
31.6,0
31.61,0
31.62,0
31.63,0
31.64,0
31.65,0
31.66,0
31.67,0
31.68,0
31.69,0
31.7,0
31.71,0
31.72,0
31.73,0
31.74,0
31.75,0
31.76,0
31.77,0
31.78,0
31.79,0
31.8,0
31.81,0
31.82,0
31.83,0
31.84,0
31.85,0
31.86,0
31.87,0
31.88,0
31.89,0
31.9,0
31.91,0
31.92,0
31.93,0
31.94,0
31.95,0
31.96,0
31.97,0
31.98,0
31.99,0
32,0
32.01,0
32.02,0
32.03,0
32.04,0
32.05,0
32.06,0
32.07,0
32.08,0
32.09,0
32.1,0
32.11,0
32.12,0
32.13,0
32.14,0
32.15,0
32.16,0
32.17,0
32.18,0
32.19,0
32.2,0
32.21,0
32.22,0
32.23,0
32.24,0
32.25,0
32.26,0
32.27,0
32.28,0
32.29,0
32.3,0
32.31,0
32.32,0
32.33,0
32.34,0
32.35,0
32.36,0
32.37,0
32.38,0
32.39,0
32.4,0
32.41,0
32.42,0
32.43,0
32.44,0
32.45,0
32.46,0
32.47,0
32.48,0
32.49,0
32.5,0
32.51,0
32.52,0
32.53,0
32.54,0
32.55,0
32.56,0
32.57,0
32.58,0
32.59,0
32.6,0
32.61,0
32.62,0
32.63,0
32.64,0
32.65,0
32.66,0
32.67,0
32.68,0
32.69,0
32.7,0
32.71,0
32.72,0
32.73,0
32.74,0
32.75,0
32.76,0
32.77,0
32.78,0
32.79,0
32.8,0
32.81,0
32.82,0
32.83,0
32.84,0
32.85,0
32.86,0
32.87,0
32.88,0
32.89,0
32.9,0
32.91,0
32.92,0
32.93,0
32.94,0
32.95,0
32.96,0
32.97,0
32.98,0
32.99,0
33,0
33.01,0
33.02,0
33.03,0
33.04,0
33.05,0
33.06,0
33.07,0
33.08,0
33.09,0
33.1,0
33.11,0
33.12,0
33.13,0
33.14,0
33.15,0
33.16,0
33.17,0
33.18,0
33.19,0
33.2,0
33.21,0
33.22,0
33.23,0
33.24,0
33.25,0
33.26,0
33.27,0
33.28,0
33.29,0
33.3,0
33.31,0
33.32,0
33.33,0
33.34,0
33.35,0
33.36,0
33.37,0
33.38,0
33.39,0
33.4,0
33.41,0
33.42,0
33.43,0
33.44,0
33.45,0
33.46,0
33.47,0
33.48,0
33.49,0
33.5,0
33.51,0
33.52,1
33.53,0
33.54,0
33.55,0
33.56,0
33.57,0
33.58,0
33.59,0
33.6,0
33.61,0
33.62,0
33.63,0
33.64,0
33.65,0
33.66,0
33.67,0
33.68,0
33.69,0
33.7,0
33.71,0
33.72,0
33.73,0
33.74,0
33.75,0
33.76,0
33.77,0
33.78,0
33.79,0
33.8,0
33.81,0
33.82,0
33.83,0
33.84,0
33.85,0
33.86,0
33.87,0
33.88,0
33.89,0
33.9,0
33.91,0
33.92,0
33.93,0
33.94,0
33.95,0
33.96,0
33.97,0
33.98,0
33.99,0
34,0
34.01,0
34.02,0
34.03,0
34.04,0
34.05,0
34.06,0
34.07,0
34.08,0
34.09,0
34.1,0
34.11,0
34.12,0
34.13,0
34.14,0
34.15,0
34.16,0
34.17,0
34.18,0
34.19,0
34.2,0
34.21,0
34.22,0
34.23,0
34.24,0
34.25,0
34.26,0
34.27,0
34.28,0
34.29,0
34.3,0
34.31,0
34.32,0
34.33,0
34.34,0
34.35,0
34.36,0
34.37,0
34.38,0
34.39,0
34.4,0
34.41,0
34.42,0
34.43,0
34.44,0
34.45,0
34.46,0
34.47,0
34.48,0
34.49,0
34.5,0
34.51,0
34.52,0
34.53,0
34.54,0
34.55,0
34.56,0
34.57,0
34.58,0
34.59,0
34.6,0
34.61,0
34.62,0
34.63,0
34.64,0
34.65,0
34.66,0
34.67,0
34.68,0
34.69,0
34.7,0
34.71,0
34.72,0
34.73,0
34.74,0
34.75,0
34.76,0
34.77,0
34.78,0
34.79,0
34.8,0
34.81,0
34.82,0
34.83,0
34.84,0
34.85,0
34.86,0
34.87,0
34.88,0
34.89,0
34.9,0
34.91,0
34.92,0
34.93,0
34.94,0
34.95,0
34.96,0
34.97,0
34.98,0
34.99,0
35,0
35.01,0
35.02,0
35.03,0
35.04,0
35.05,0
35.06,0
35.07,0
35.08,0
35.09,0
35.1,0
35.11,0
35.12,0
35.13,0
35.14,0
35.15,0
35.16,0
35.17,0
35.18,0
35.19,0
35.2,0
35.21,0
35.22,0
35.23,0
35.24,0
35.25,0
35.26,0
35.27,0
35.28,0
35.29,0
35.3,0
35.31,0
35.32,0
35.33,0
35.34,0
35.35,0
35.36,0
35.37,0
35.38,0
35.39,0
35.4,0
35.41,0
35.42,0
35.43,0
35.44,0
35.45,0
35.46,0
35.47,0
35.48,0
35.49,0
35.5,0
35.51,0
35.52,0
35.53,0
35.54,0
35.55,0
35.56,0
35.57,0
35.58,0
35.59,0
35.6,0
35.61,0
35.62,0
35.63,0
35.64,0
35.65,0
35.66,0
35.67,0
35.68,0
35.69,0
35.7,0
35.71,0
35.72,0
35.73,0
35.74,0
35.75,0
35.76,0
35.77,0
35.78,0
35.79,0
35.8,0
35.81,0
35.82,0
35.83,0
35.84,0
35.85,0
35.86,0
35.87,0
35.88,0
35.89,0
35.9,0
35.91,0
35.92,0
35.93,0
35.94,0
35.95,0
35.96,0
35.97,0
35.98,0
35.99,0
36,0
36.01,0
36.02,0
36.03,0
36.04,0
36.05,0
36.06,0
36.07,0
36.08,0
36.09,0
36.1,0
36.11,0
36.12,0
36.13,0
36.14,0
36.15,0
36.16,0
36.17,0
36.18,0
36.19,0
36.2,0
36.21,0
36.22,0
36.23,0
36.24,0
36.25,0
36.26,0
36.27,0
36.28,0
36.29,0
36.3,0
36.31,0
36.32,0
36.33,0
36.34,0
36.35,0
36.36,0
36.37,0
36.38,0
36.39,0
36.4,0
36.41,0
36.42,0
36.43,0
36.44,0
36.45,0
36.46,0
36.47,0
36.48,0
36.49,0
36.5,0
36.51,0
36.52,0
36.53,0
36.54,0
36.55,0
36.56,0
36.57,0
36.58,0
36.59,0
36.6,0
36.61,0
36.62,0
36.63,0
36.64,0
36.65,0
36.66,0
36.67,0
36.68,0
36.69,0
36.7,0
36.71,0
36.72,0
36.73,0
36.74,0
36.75,0
36.76,0
36.77,0
36.78,0
36.79,0
36.8,0
36.81,0
36.82,0
36.83,0
36.84,0
36.85,0
36.86,0
36.87,0
36.88,0
36.89,0
36.9,0
36.91,0
36.92,0
36.93,0
36.94,0
36.95,0
36.96,0
36.97,0
36.98,0
36.99,0
37,0
37.01,0
37.02,0
37.03,0
37.04,0
37.05,0
37.06,0
37.07,0
37.08,0
37.09,0
37.1,0
37.11,0
37.12,0
37.13,0
37.14,0
37.15,0
37.16,0
37.17,0
37.18,0
37.19,0
37.2,0
37.21,0
37.22,0
37.23,0
37.24,0
37.25,0
37.26,0
37.27,0
37.28,0
37.29,0
37.3,0
37.31,0
37.32,0
37.33,0
37.34,0
37.35,0
37.36,0
37.37,0
37.38,0
37.39,0
37.4,0
37.41,0
37.42,0
37.43,0
37.44,0
37.45,0
37.46,0
37.47,0
37.48,0
37.49,0
37.5,0
37.51,0
37.52,0
37.53,0
37.54,0
37.55,0
37.56,0
37.57,0
37.58,0
37.59,0
37.6,0
37.61,0
37.62,0
37.63,0
37.64,0
37.65,0
37.66,0
37.67,0
37.68,0
37.69,0
37.7,0
37.71,0
37.72,0
37.73,0
37.74,0
37.75,0
37.76,0
37.77,0
37.78,0
37.79,0
37.8,0
37.81,0
37.82,0
37.83,0
37.84,0
37.85,0
37.86,0
37.87,0
37.88,0
37.89,0
37.9,0
37.91,0
37.92,0
37.93,0
37.94,0
37.95,0
37.96,0
37.97,0
37.98,0
37.99,0
38,0
38.01,0
38.02,0
38.03,0
38.04,0
38.05,0
38.06,0
38.07,0
38.08,0
38.09,0
38.1,0
38.11,0
38.12,0
38.13,0
38.14,0
38.15,0
38.16,0
38.17,0
38.18,0
38.19,0
38.2,0
38.21,0
38.22,0
38.23,0
38.24,0
38.25,0
38.26,0
38.27,0
38.28,0
38.29,0
38.3,0
38.31,0
38.32,0
38.33,0
38.34,0
38.35,0
38.36,0
38.37,0
38.38,0
38.39,0
38.4,0
38.41,0
38.42,0
38.43,0
38.44,0
38.45,0
38.46,0
38.47,0
38.48,0
38.49,0
38.5,0
38.51,0
38.52,0
38.53,0
38.54,0
38.55,0
38.56,0
38.57,0
38.58,0
38.59,0
38.6,0
38.61,0
38.62,0
38.63,0
38.64,0
38.65,0
38.66,0
38.67,0
38.68,0
38.69,0
38.7,0
38.71,0
38.72,0
38.73,0
38.74,0
38.75,0
38.76,0
38.77,0
38.78,0
38.79,0
38.8,0
38.81,0
38.82,0
38.83,0
38.84,0
38.85,0
38.86,0
38.87,0
38.88,0
38.89,0
38.9,0
38.91,0
38.92,0
38.93,0
38.94,0
38.95,0
38.96,0
38.97,0
38.98,0
38.99,0
39,0
39.01,0
39.02,0
39.03,0
39.04,0
39.05,0
39.06,0
39.07,0
39.08,0
39.09,0
39.1,0
39.11,0
39.12,0
39.13,0
39.14,0
39.15,0
39.16,0
39.17,0
39.18,0
39.19,0
39.2,0
39.21,0
39.22,0
39.23,0
39.24,0
39.25,0
39.26,0
39.27,0
39.28,0
39.29,0
39.3,0
39.31,0
39.32,0
39.33,0
39.34,0
39.35,0
39.36,0
39.37,0
39.38,0
39.39,0
39.4,0
39.41,0
39.42,0
39.43,0
39.44,0
39.45,0
39.46,0
39.47,0
39.48,0
39.49,0
39.5,0
39.51,0
39.52,0
39.53,0
39.54,0
39.55,0
39.56,0
39.57,0
39.58,0
39.59,0
39.6,0
39.61,0
39.62,0
39.63,0
39.64,0
39.65,0
39.66,0
39.67,0
39.68,0
39.69,0
39.7,0
39.71,0
39.72,0
39.73,0
39.74,0
39.75,0
39.76,0
39.77,0
39.78,0
39.79,0
39.8,0
39.81,0
39.82,0
39.83,0
39.84,0
39.85,0
39.86,0
39.87,0
39.88,0
39.89,0
39.9,0
39.91,0
39.92,0
39.93,0
39.94,0
39.95,0
39.96,0
39.97,0
39.98,0
39.99,0
40,0
40.01,0
40.02,0
40.03,0
40.04,0
40.05,0
40.06,0
40.07,0
40.08,0
40.09,0
40.1,0
40.11,0
40.12,0
40.13,0
40.14,0
40.15,0
40.16,0
40.17,0
40.18,0
40.19,0
40.2,0
40.21,0
40.22,0
40.23,0
40.24,0
40.25,0
40.26,0
40.27,0
40.28,0
40.29,0
40.3,0
40.31,0
40.32,0
40.33,0
40.34,0
40.35,0
40.36,0
40.37,0
40.38,0
40.39,0
40.4,0
40.41,0
40.42,0
40.43,0
40.44,0
40.45,0
40.46,0
40.47,0
40.48,0
40.49,0
40.5,0
40.51,0
40.52,0
40.53,0
40.54,0
40.55,0
40.56,0
40.57,0
40.58,0
40.59,0
40.6,0
40.61,0
40.62,0
40.63,0
40.64,0
40.65,0
40.66,0
40.67,0
40.68,0
40.69,0
40.7,0
40.71,0
40.72,0
40.73,0
40.74,0
40.75,0
40.76,0
40.77,0
40.78,0
40.79,0
40.8,0
40.81,0
40.82,0
40.83,0
40.84,0
40.85,0
40.86,0
40.87,0
40.88,0
40.89,0
40.9,0
40.91,0
40.92,0
40.93,0
40.94,0
40.95,0
