0,0
0.01,0
0.02,0
0.03,0
0.04,0
0.05,0
0.06,0
0.07,1
0.08,0
0.09,1
0.1,1
0.11,1
0.12,0
0.13,1
0.14,0
0.15,2
0.16,3
0.17,3
0.18,11
0.19,22
0.2,36
0.21,66
0.22,102
0.23,169
0.24,270
0.25,338
0.26,479
0.27,535
0.28,658
0.29,622
0.3,678
0.31,617
0.32,493
0.33,406
0.34,313
0.35,214
0.36,145
0.37,124
0.38,99
0.39,77
0.4,87
0.41,77
0.42,87
0.43,92
0.44,93
0.45,118
0.46,124
0.47,141
0.48,171
0.49,177
0.5,204
0.51,199
0.52,218
0.53,206
0.54,226
0.55,216
0.56,200
0.57,213
0.58,230
0.59,229
0.6,244
0.61,312
0.62,370
0.63,428
0.64,487
0.65,594
0.66,661
0.67,634
0.68,689
0.69,633
0.7,583
0.71,522
0.72,458
0.73,370
0.74,351
0.75,265
0.76,234
0.77,200
0.78,181
0.79,185
0.8,184
0.81,203
0.82,198
0.83,208
0.84,204
0.85,211
0.86,207
0.87,167
0.88,187
0.89,213
0.9,209
0.91,211
0.92,207
0.93,229
0.94,249
0.95,250
0.96,316
0.97,342
0.98,351
0.99,433
1,448
1.01,466
1.02,569
1.03,609
1.04,627
1.05,582
1.06,598
1.07,551
1.08,474
1.09,468
1.1,417
1.11,427
1.12,365
1.13,358
1.14,379
1.15,353
1.16,327
1.17,366
1.18,378
1.19,422
1.2,414
1.21,407
1.22,353
1.23,363
1.24,317
1.25,343
1.26,322
1.27,330
1.28,308
1.29,298
1.3,306
1.31,348
1.32,316
1.33,333
1.34,350
1.35,344
1.36,357
1.37,402
1.38,434
1.39,429
1.4,494
1.41,498
1.42,549
1.43,640
1.44,699
1.45,834
1.46,898
1.47,1055
1.48,1228
1.49,1377
1.5,1456
1.51,1603
1.52,1646
1.53,1612
1.54,1631
1.55,1537
1.56,1398
1.57,1282
1.58,1134
1.59,1022
1.6,870
1.61,752
1.62,644
1.63,525
1.64,500
1.65,425
1.66,366
1.67,374
1.68,325
1.69,323
1.7,349
1.71,337
1.72,339
1.73,368
1.74,375
1.75,366
1.76,340
1.77,347
1.78,347
1.79,375
1.8,373
1.81,369
1.82,345
1.83,354
1.84,364
1.85,379
1.86,414
1.87,368
1.88,382
1.89,357
1.9,380
1.91,353
1.92,366
1.93,350
1.94,319
1.95,326
1.96,303
1.97,314
1.98,323
1.99,322
2,306
2.01,311
2.02,292
2.03,281
2.04,292
2.05,292
2.06,271
2.07,289
2.08,267
2.09,274
2.1,254
2.11,260
2.12,271
2.13,303
2.14,260
2.15,279
2.16,251
2.17,316
2.18,297
2.19,306
2.2,284
2.21,315
2.22,325
2.23,309
2.24,334
2.25,332
2.26,340
2.27,343
2.28,339
2.29,338
2.3,374
2.31,437
2.32,467
2.33,598
2.34,648
2.35,823
2.36,948
2.37,1209
2.38,1388
2.39,1606
2.4,1773
2.41,1946
2.42,2013
2.43,2119
2.44,2080
2.45,1961
2.46,2028
2.47,1889
2.48,1733
2.49,1715
2.5,1731
2.51,1546
2.52,1455
2.53,1420
2.54,1365
2.55,1237
2.56,1113
2.57,898
2.58,822
2.59,753
2.6,643
2.61,493
2.62,392
2.63,409
2.64,322
2.65,289
2.66,297
2.67,273
2.68,262
2.69,255
2.7,269
2.71,280
2.72,263
2.73,294
2.74,294
2.75,289
2.76,296
2.77,260
2.78,272
2.79,239
2.8,265
2.81,209
2.82,186
2.83,197
2.84,178
2.85,207
2.86,197
2.87,185
2.88,183
2.89,182
2.9,179
2.91,169
2.92,192
2.93,197
2.94,183
2.95,176
2.96,178
2.97,166
2.98,182
2.99,191
3,193
3.01,187
3.02,195
3.03,189
3.04,176
3.05,163
3.06,177
3.07,179
3.08,184
3.09,198
3.1,167
3.11,211
3.12,175
3.13,190
3.14,203
3.15,194
3.16,212
3.17,182
3.18,206
3.19,192
3.2,213
3.21,228
3.22,196
3.23,200
3.24,197
3.25,181
3.26,202
3.27,168
3.28,169
3.29,173
3.3,176
3.31,167
3.32,153
3.33,171
3.34,161
3.35,181
3.36,180
3.37,184
3.38,169
3.39,167
3.4,151
3.41,160
3.42,167
3.43,186
3.44,159
3.45,163
3.46,173
3.47,156
3.48,168
3.49,142
3.5,175
3.51,140
3.52,171
3.53,181
3.54,157
3.55,160
3.56,145
3.57,166
3.58,152
3.59,163
3.6,170
3.61,144
3.62,173
3.63,156
3.64,151
3.65,166
3.66,134
3.67,153
3.68,157
3.69,152
3.7,151
3.71,139
3.72,171
3.73,157
3.74,154
3.75,137
3.76,163
3.77,147
3.78,151
3.79,141
3.8,150
3.81,161
3.82,152
3.83,189
3.84,132
3.85,160
3.86,156
3.87,161
3.88,156
3.89,142
3.9,139
3.91,147
3.92,133
3.93,147
3.94,125
3.95,142
3.96,142
3.97,153
3.98,129
3.99,127
4,130
4.01,149
4.02,152
4.03,160
4.04,126
4.05,118
4.06,134
4.07,137
4.08,142
4.09,128
4.1,132
4.11,122
4.12,152
4.13,136
4.14,129
4.15,140
4.16,121
4.17,144
4.18,158
4.19,128
4.2,146
4.21,134
4.22,148
4.23,160
4.24,133
4.25,148
4.26,152
4.27,129
4.28,133
4.29,137
4.3,138
4.31,147
4.32,123
4.33,134
4.34,123
4.35,111
4.36,149
4.37,134
4.38,130
4.39,150
4.4,138
4.41,116
4.42,132
4.43,132
4.44,136
4.45,124
4.46,149
4.47,129
4.48,114
4.49,138
4.5,130
4.51,149
4.52,127
4.53,128
4.54,127
4.55,125
4.56,118
4.57,131
4.58,124
4.59,142
4.6,127
4.61,117
4.62,132
4.63,122
4.64,119
4.65,121
4.66,136
4.67,115
4.68,120
4.69,130
4.7,117
4.71,133
4.72,141
4.73,128
4.74,111
4.75,107
4.76,121
4.77,119
4.78,112
4.79,130
4.8,107
4.81,115
4.82,125
4.83,124
4.84,106
4.85,118
4.86,117
4.87,137
4.88,124
4.89,118
4.9,123
4.91,92
4.92,113
4.93,122
4.94,104
4.95,118
4.96,122
4.97,124
4.98,125
4.99,119
5,111
5.01,112
5.02,124
5.03,118
5.04,106
5.05,110
5.06,126
5.07,109
5.08,119
5.09,119
5.1,129
5.11,127
5.12,112
5.13,105
5.14,115
5.15,123
5.16,94
5.17,111
5.18,128
5.19,107
5.2,110
5.21,100
5.22,113
5.23,105
5.24,118
5.25,120
5.26,121
5.27,109
5.28,111
5.29,117
5.3,117
5.31,114
5.32,110
5.33,107
5.34,116
5.35,112
5.36,106
5.37,99
5.38,131
5.39,85
5.4,95
5.41,112
5.42,108
5.43,117
5.44,118
5.45,100
5.46,95
5.47,96
5.48,81
5.49,113
5.5,111
5.51,100
5.52,116
5.53,115
5.54,95
5.55,107
5.56,97
5.57,104
5.58,113
5.59,103
5.6,106
5.61,123
5.62,110
5.63,117
5.64,107
5.65,94
5.66,121
5.67,106
5.68,118
5.69,114
5.7,105
5.71,119
5.72,92
5.73,120
5.74,114
5.75,78
5.76,110
5.77,109
5.78,109
5.79,100
5.8,83
5.81,99
5.82,101
5.83,99
5.84,117
5.85,82
5.86,84
5.87,92
5.88,101
5.89,91
5.9,102
5.91,97
5.92,99
5.93,93
5.94,93
5.95,116
5.96,91
5.97,108
5.98,108
5.99,87
6,91
6.01,87
6.02,110
6.03,99
6.04,110
6.05,101
6.06,98
6.07,97
6.08,93
6.09,110
6.1,106
6.11,99
6.12,119
6.13,120
6.14,97
6.15,111
6.16,87
6.17,98
6.18,93
6.19,91
6.2,98
6.21,105
6.22,109
6.23,98
6.24,93
6.25,88
6.26,85
6.27,99
6.28,110
6.29,113
6.3,103
6.31,113
6.32,118
6.33,102
6.34,119
6.35,119
6.36,128
6.37,115
6.38,125
6.39,122
6.4,133
6.41,131
6.42,118
6.43,118
6.44,132
6.45,106
6.46,117
6.47,120
6.48,122
6.49,135
6.5,138
6.51,108
6.52,110
6.53,115
6.54,103
6.55,120
6.56,81
6.57,101
6.58,98
6.59,120
6.6,103
6.61,118
6.62,105
6.63,99
6.64,90
6.65,117
6.66,88
6.67,94
6.68,83
6.69,83
6.7,81
6.71,89
6.72,87
6.73,78
6.74,85
6.75,94
6.76,88
6.77,79
6.78,90
6.79,108
6.8,103
6.81,101
6.82,100
6.83,89
6.84,107
6.85,82
6.86,92
6.87,108
6.88,110
6.89,115
6.9,134
6.91,123
6.92,132
6.93,135
6.94,118
6.95,129
6.96,120
6.97,128
6.98,129
6.99,119
7,111
7.01,123
7.02,109
7.03,122
7.04,114
7.05,92
7.06,88
7.07,87
7.08,107
7.09,82
7.1,87
7.11,84
7.12,99
7.13,95
7.14,79
7.15,77
7.16,87
7.17,68
7.18,80
7.19,101
7.2,69
7.21,92
7.22,98
7.23,92
7.24,101
7.25,102
7.26,112
7.27,138
7.28,154
7.29,167
7.3,183
7.31,192
7.32,226
7.33,264
7.34,299
7.35,317
7.36,348
7.37,367
7.38,439
7.39,377
7.4,451
7.41,422
7.42,449
7.43,417
7.44,418
7.45,363
7.46,360
7.47,364
7.48,278
7.49,264
7.5,243
7.51,226
7.52,207
7.53,170
7.54,153
7.55,153
7.56,130
7.57,110
7.58,91
7.59,100
7.6,88
7.61,79
7.62,93
7.63,101
7.64,92
7.65,95
7.66,84
7.67,82
7.68,76
7.69,82
7.7,86
7.71,86
7.72,81
7.73,90
7.74,98
7.75,88
7.76,92
7.77,91
7.78,109
7.79,84
7.8,78
7.81,95
7.82,92
7.83,80
7.84,95
7.85,90
7.86,79
7.87,76
7.88,94
7.89,80
7.9,69
7.91,85
7.92,75
7.93,76
7.94,67
7.95,89
7.96,78
7.97,68
7.98,83
7.99,67
8,69
8.01,83
8.02,84
8.03,76
8.04,73
8.05,81
8.06,105
8.07,76
8.08,74
8.09,88
8.1,77
8.11,93
8.12,85
8.13,75
8.14,81
8.15,69
8.16,92
8.17,87
8.18,83
8.19,85
8.2,85
8.21,80
8.22,107
8.23,106
8.24,94
8.25,92
8.26,108
8.27,117
8.28,110
8.29,135
8.3,121
8.31,142
8.32,147
8.33,165
8.34,192
8.35,188
8.36,195
8.37,189
8.38,199
8.39,231
8.4,223
8.41,218
8.42,202
8.43,214
8.44,205
8.45,188
8.46,197
8.47,165
8.48,160
8.49,176
8.5,164
8.51,151
8.52,114
8.53,102
8.54,124
8.55,126
8.56,102
8.57,105
8.58,108
8.59,97
8.6,83
8.61,89
8.62,81
8.63,96
8.64,92
8.65,91
8.66,103
8.67,113
8.68,98
8.69,120
8.7,104
8.71,134
8.72,124
8.73,117
8.74,130
8.75,117
8.76,126
8.77,118
8.78,120
8.79,122
8.8,124
8.81,106
8.82,105
8.83,87
8.84,86
8.85,99
8.86,84
8.87,73
8.88,94
8.89,55
8.9,84
8.91,83
8.92,62
8.93,69
8.94,50
8.95,73
8.96,77
8.97,77
8.98,54
8.99,69
9,69
9.01,60
9.02,71
9.03,74
9.04,57
9.05,60
9.06,80
9.07,64
9.08,65
9.09,51
9.1,52
9.11,51
9.12,65
9.13,78
9.14,68
9.15,65
9.16,69
9.17,58
9.18,67
9.19,65
9.2,76
9.21,63
9.22,51
9.23,67
9.24,62
9.25,67
9.26,52
9.27,69
9.28,71
9.29,66
9.3,58
9.31,73
9.32,66
9.33,84
9.34,76
9.35,61
9.36,64
9.37,71
9.38,75
9.39,64
9.4,60
9.41,64
9.42,65
9.43,72
9.44,74
9.45,61
9.46,79
9.47,66
9.48,69
9.49,66
9.5,63
9.51,58
9.52,57
9.53,48
9.54,61
9.55,54
9.56,64
9.57,54
9.58,48
9.59,53
9.6,54
9.61,69
9.62,63
9.63,78
9.64,57
9.65,55
9.66,77
9.67,73
9.68,63
9.69,64
9.7,68
9.71,52
9.72,76
9.73,74
9.74,60
9.75,64
9.76,89
9.77,77
9.78,73
9.79,63
9.8,80
9.81,77
9.82,95
9.83,74
9.84,81
9.85,63
9.86,64
9.87,75
9.88,58
9.89,61
9.9,60
9.91,56
9.92,64
9.93,63
9.94,52
9.95,66
9.96,52
9.97,64
9.98,72
9.99,74
10,58
10.01,51
10.02,71
10.03,69
10.04,60
10.05,64
10.06,60
10.07,63
10.08,72
10.09,72
10.1,64
10.11,74
10.12,62
10.13,57
10.14,58
10.15,45
10.16,58
10.17,54
10.18,63
10.19,61
10.2,61
10.21,62
10.22,55
10.23,53
10.24,62
10.25,51
10.26,55
10.27,59
10.28,60
10.29,51
10.3,59
10.31,54
10.32,68
10.33,56
10.34,45
10.35,49
10.36,46
10.37,61
10.38,44
10.39,56
10.4,46
10.41,56
10.42,58
10.43,38
10.44,55
10.45,61
10.46,54
10.47,54
10.48,62
10.49,57
10.5,56
10.51,44
10.52,39
10.53,60
10.54,47
10.55,68
10.56,39
10.57,50
10.58,54
10.59,63
10.6,59
10.61,55
10.62,60
10.63,65
10.64,63
10.65,79
10.66,56
10.67,81
10.68,88
10.69,91
10.7,99
10.71,98
10.72,108
10.73,149
10.74,123
10.75,132
10.76,154
10.77,173
10.78,163
10.79,174
10.8,179
10.81,187
10.82,215
10.83,222
10.84,217
10.85,191
10.86,170
10.87,185
10.88,184
10.89,191
10.9,192
10.91,167
10.92,134
10.93,121
10.94,127
10.95,89
10.96,101
10.97,80
10.98,68
10.99,74
11,77
11.01,71
11.02,63
11.03,56
11.04,52
11.05,56
11.06,49
11.07,59
11.08,52
11.09,54
11.1,50
11.11,45
11.12,39
11.13,38
11.14,41
11.15,46
11.16,45
11.17,39
11.18,50
11.19,46
11.2,39
11.21,51
11.22,43
11.23,50
11.24,55
11.25,40
11.26,50
11.27,46
11.28,30
11.29,43
11.3,36
11.31,45
11.32,32
11.33,40
11.34,44
11.35,39
11.36,48
11.37,41
11.38,68
11.39,61
11.4,34
11.41,57
11.42,44
11.43,36
11.44,44
11.45,41
11.46,38
11.47,56
11.48,45
11.49,46
11.5,36
11.51,40
11.52,46
11.53,36
11.54,44
11.55,44
11.56,45
11.57,51
11.58,40
11.59,36
11.6,39
11.61,36
11.62,35
11.63,43
11.64,35
11.65,38
11.66,43
11.67,47
11.68,47
11.69,46
11.7,33
11.71,48
11.72,42
11.73,41
11.74,46
11.75,35
11.76,48
11.77,36
11.78,52
11.79,46
11.8,42
11.81,47
11.82,47
11.83,35
11.84,36
11.85,36
11.86,38
11.87,44
11.88,38
11.89,30
11.9,34
11.91,33
11.92,45
11.93,46
11.94,38
11.95,42
11.96,37
11.97,39
11.98,53
11.99,42
12,31
12.01,34
12.02,50
12.03,41
12.04,44
12.05,33
12.06,38
12.07,40
12.08,41
12.09,37
12.1,43
12.11,30
12.12,36
12.13,48
12.14,36
12.15,42
12.16,30
12.17,39
12.18,30
12.19,41
12.2,41
12.21,30
12.22,30
12.23,54
12.24,39
12.25,39
12.26,37
12.27,35
12.28,39
12.29,43
12.3,40
12.31,36
12.32,39
12.33,37
12.34,55
12.35,35
12.36,26
12.37,34
12.38,31
12.39,37
12.4,48
12.41,31
12.42,43
12.43,29
12.44,41
12.45,32
12.46,45
12.47,39
12.48,40
12.49,48
12.5,47
12.51,27
12.52,32
12.53,44
12.54,39
12.55,35
12.56,43
12.57,28
12.58,40
12.59,43
12.6,43
12.61,30
12.62,31
12.63,33
12.64,41
12.65,44
12.66,29
12.67,25
12.68,40
12.69,41
12.7,54
12.71,50
12.72,25
12.73,36
12.74,40
12.75,35
12.76,34
12.77,44
12.78,31
12.79,51
12.8,48
12.81,50
12.82,55
12.83,55
12.84,41
12.85,45
12.86,45
12.87,47
12.88,68
12.89,61
12.9,70
12.91,69
12.92,89
12.93,70
12.94,87
12.95,98
12.96,82
12.97,78
12.98,85
12.99,88
13,84
13.01,96
13.02,85
13.03,100
13.04,91
13.05,84
13.06,75
13.07,90
13.08,70
13.09,65
13.1,65
13.11,53
13.12,81
13.13,53
13.14,44
13.15,52
13.16,51
13.17,43
13.18,44
13.19,43
13.2,24
13.21,35
13.22,35
13.23,37
13.24,35
13.25,30
13.26,34
13.27,34
13.28,37
13.29,24
13.3,23
13.31,30
13.32,36
13.33,26
13.34,34
13.35,37
13.36,33
13.37,35
13.38,28
13.39,30
13.4,25
13.41,29
13.42,31
13.43,41
13.44,37
13.45,29
13.46,21
13.47,27
13.48,45
13.49,34
13.5,28
13.51,29
13.52,23
13.53,34
13.54,35
13.55,25
13.56,33
13.57,38
13.58,35
13.59,30
13.6,29
13.61,33
13.62,30
13.63,32
13.64,24
13.65,28
13.66,24
13.67,27
13.68,28
13.69,29
13.7,25
13.71,30
13.72,16
13.73,20
13.74,31
13.75,35
13.76,24
13.77,27
13.78,26
13.79,34
13.8,32
13.81,25
13.82,26
13.83,29
13.84,22
13.85,31
13.86,21
13.87,39
13.88,20
13.89,29
13.9,30
13.91,27
13.92,32
13.93,25
13.94,29
13.95,36
13.96,25
13.97,22
13.98,30
13.99,20
14,16
14.01,26
14.02,27
14.03,33
14.04,28
14.05,26
14.06,30
14.07,29
14.08,27
14.09,32
14.1,27
14.11,25
14.12,36
14.13,23
14.14,25
14.15,26
14.16,24
14.17,29
14.18,29
14.19,25
14.2,28
14.21,21
14.22,30
14.23,36
14.24,19
14.25,30
14.26,18
14.27,25
14.28,36
14.29,33
14.3,25
14.31,35
14.32,20
14.33,19
14.34,34
14.35,19
14.36,23
14.37,15
14.38,28
14.39,26
14.4,21
14.41,20
14.42,19
14.43,25
14.44,28
14.45,24
14.46,28
14.47,44
14.48,22
14.49,25
14.5,13
14.51,28
14.52,27
14.53,20
14.54,18
14.55,19
14.56,26
14.57,26
14.58,20
14.59,33
14.6,20
14.61,19
14.62,24
14.63,26
14.64,24
14.65,14
14.66,13
14.67,19
14.68,30
14.69,9
14.7,20
14.71,19
14.72,21
14.73,8
14.74,20
14.75,18
14.76,16
14.77,19
14.78,21
14.79,16
14.8,17
14.81,25
14.82,25
14.83,20
14.84,16
14.85,23
14.86,16
14.87,23
14.88,15
14.89,12
14.9,19
14.91,17
14.92,19
14.93,24
14.94,19
14.95,20
14.96,19
14.97,27
14.98,16
14.99,16
15,17
15.01,24
15.02,19
15.03,25
15.04,30
15.05,19
15.06,22
15.07,18
15.08,29
15.09,18
15.1,25
15.11,20
15.12,26
15.13,20
15.14,27
15.15,27
15.16,21
15.17,25
15.18,25
15.19,20
15.2,33
15.21,29
15.22,25
15.23,24
15.24,26
15.25,24
15.26,23
15.27,25
15.28,32
15.29,32
15.3,19
15.31,18
15.32,14
15.33,19
15.34,20
15.35,27
15.36,25
15.37,28
15.38,22
15.39,19
15.4,18
15.41,17
15.42,20
15.43,19
15.44,18
15.45,17
15.46,10
15.47,21
15.48,11
15.49,27
15.5,16
15.51,22
15.52,17
15.53,19
15.54,13
15.55,22
15.56,20
15.57,18
15.58,21
15.59,10
15.6,17
15.61,20
15.62,23
15.63,15
15.64,17
15.65,16
15.66,25
15.67,14
15.68,22
15.69,14
15.7,25
15.71,14
15.72,17
15.73,15
15.74,17
15.75,17
15.76,19
15.77,19
15.78,12
15.79,16
15.8,10
15.81,17
15.82,14
15.83,15
15.84,18
15.85,14
15.86,17
15.87,18
15.88,14
15.89,20
15.9,17
15.91,19
15.92,11
15.93,12
15.94,15
15.95,16
15.96,16
15.97,13
15.98,13
15.99,16
16,14
16.01,16
16.02,18
16.03,16
16.04,16
16.05,13
16.06,15
16.07,12
16.08,14
16.09,9
16.1,15
16.11,9
16.12,18
16.13,9
16.14,9
16.15,12
16.16,10
16.17,14
16.18,12
16.19,17
16.2,13
16.21,13
16.22,22
16.23,9
16.24,13
16.25,15
16.26,15
16.27,14
16.28,16
16.29,19
16.3,17
16.31,14
16.32,18
16.33,10
16.34,11
16.35,17
16.36,17
16.37,16
16.38,15
16.39,14
16.4,10
16.41,10
16.42,12
16.43,7
16.44,10
16.45,7
16.46,13
16.47,16
16.48,11
16.49,12
16.5,9
16.51,14
16.52,8
16.53,13
16.54,17
16.55,14
16.56,4
16.57,14
16.58,15
16.59,20
16.6,16
16.61,9
16.62,10
16.63,14
16.64,19
16.65,9
16.66,6
16.67,15
16.68,7
16.69,11
16.7,13
16.71,14
16.72,10
16.73,12
16.74,9
16.75,14
16.76,10
16.77,15
16.78,7
16.79,10
16.8,12
16.81,12
16.82,10
16.83,10
16.84,8
16.85,5
16.86,12
16.87,15
16.88,8
16.89,11
16.9,9
16.91,8
16.92,6
16.93,12
16.94,11
16.95,10
16.96,5
16.97,9
16.98,14
16.99,11
17,10
17.01,11
17.02,12
17.03,9
17.04,12
17.05,18
17.06,9
17.07,9
17.08,4
17.09,14
17.1,10
17.11,13
17.12,10
17.13,13
17.14,10
17.15,7
17.16,6
17.17,5
17.18,6
17.19,7
17.2,4
17.21,6
17.22,10
17.23,10
17.24,11
17.25,10
17.26,5
17.27,8
17.28,6
17.29,9
17.3,11
17.31,9
17.32,12
17.33,10
17.34,12
17.35,8
17.36,9
17.37,6
17.38,8
17.39,6
17.4,2
17.41,4
17.42,8
17.43,15
17.44,7
17.45,7
17.46,9
17.47,9
17.48,5
17.49,7
17.5,10
17.51,9
17.52,8
17.53,8
17.54,5
17.55,7
17.56,7
17.57,7
17.58,5
17.59,5
17.6,5
17.61,5
17.62,6
17.63,11
17.64,11
17.65,5
17.66,10
17.67,8
17.68,3
17.69,8
17.7,13
17.71,2
17.72,4
17.73,5
17.74,7
17.75,6
17.76,4
17.77,10
17.78,7
17.79,7
17.8,3
17.81,6
17.82,4
17.83,6
17.84,10
17.85,3
17.86,9
17.87,11
17.88,12
17.89,5
17.9,3
17.91,5
17.92,3
17.93,9
17.94,9
17.95,7
17.96,5
17.97,9
17.98,4
17.99,5
18,11
18.01,5
18.02,4
18.03,4
18.04,12
18.05,8
18.06,6
18.07,4
18.08,7
18.09,3
18.1,5
18.11,3
18.12,6
18.13,5
18.14,5
18.15,3
18.16,7
18.17,7
18.18,9
18.19,6
18.2,2
18.21,5
18.22,4
18.23,3
18.24,4
18.25,2
18.26,3
18.27,2
18.28,6
18.29,6
18.3,8
18.31,7
18.32,8
18.33,6
18.34,9
18.35,4
18.36,6
18.37,6
18.38,0
18.39,7
18.4,4
18.41,5
18.42,3
18.43,7
18.44,6
18.45,9
18.46,3
18.47,7
18.48,2
18.49,7
18.5,1
18.51,7
18.52,2
18.53,7
18.54,6
18.55,2
18.56,2
18.57,5
18.58,4
18.59,3
18.6,1
18.61,0
18.62,5
18.63,3
18.64,3
18.65,3
18.66,3
18.67,4
18.68,7
18.69,2
18.7,5
18.71,6
18.72,5
18.73,5
18.74,4
18.75,6
18.76,7
18.77,1
18.78,3
18.79,1
18.8,2
18.81,5
18.82,3
18.83,2
18.84,4
18.85,1
18.86,3
18.87,4
18.88,6
18.89,6
18.9,1
18.91,4
18.92,4
18.93,4
18.94,6
18.95,1
18.96,4
18.97,5
18.98,3
18.99,2
19,5
19.01,3
19.02,2
19.03,3
19.04,5
19.05,6
19.06,2
19.07,3
19.08,6
19.09,2
19.1,4
19.11,4
19.12,3
19.13,3
19.14,2
19.15,2
19.16,5
19.17,2
19.18,4
19.19,4
19.2,2
19.21,0
19.22,2
19.23,2
19.24,3
19.25,5
19.26,3
19.27,0
19.28,2
19.29,3
19.3,3
19.31,5
19.32,3
19.33,4
19.34,3
19.35,2
19.36,4
19.37,2
19.38,0
19.39,4
19.4,1
19.41,1
19.42,2
19.43,1
19.44,3
19.45,2
19.46,1
19.47,2
19.48,0
19.49,2
19.5,4
19.51,2
19.52,0
19.53,3
19.54,3
19.55,1
19.56,1
19.57,2
19.58,1
19.59,2
19.6,1
19.61,1
19.62,0
19.63,1
19.64,3
19.65,2
19.66,2
19.67,1
19.68,2
19.69,3
19.7,0
19.71,2
19.72,5
19.73,0
19.74,1
19.75,2
19.76,2
19.77,2
19.78,1
19.79,1
19.8,0
19.81,1
19.82,2
19.83,1
19.84,2
19.85,0
19.86,0
19.87,0
19.88,2
19.89,1
19.9,1
19.91,2
19.92,2
19.93,0
19.94,1
19.95,0
19.96,0
19.97,0
19.98,0
19.99,0
20,0
20.01,0
20.02,1
20.03,0
20.04,0
20.05,0
20.06,1
20.07,0
20.08,0
20.09,0
20.1,0
20.11,0
20.12,1
20.13,0
20.14,0
20.15,0
20.16,0
20.17,0
20.18,0
20.19,0
20.2,0
20.21,0
20.22,0
20.23,0
20.24,0
20.25,0
20.26,0
20.27,0
20.28,0
20.29,0
20.3,0
20.31,0
20.32,0
20.33,0
20.34,0
20.35,1
20.36,0
20.37,0
20.38,0
20.39,0
20.4,1
20.41,0
20.42,0
20.43,0
20.44,0
20.45,0
20.46,0
20.47,0
20.48,0
20.49,0
20.5,0
20.51,0
20.52,0
20.53,0
20.54,0
20.55,0
20.56,0
20.57,0
20.58,0
20.59,0
20.6,0
20.61,0
20.62,0
20.63,0
20.64,0
20.65,0
20.66,0
20.67,0
20.68,0
20.69,0
20.7,0
20.71,0
20.72,1
20.73,0
20.74,0
20.75,0
20.76,0
20.77,0
20.78,0
20.79,0
20.8,0
20.81,0
20.82,0
20.83,0
20.84,0
20.85,0
20.86,0
20.87,0
20.88,0
20.89,0
20.9,0
20.91,0
20.92,0
20.93,0
20.94,1
20.95,0
20.96,0
20.97,0
20.98,0
20.99,0
21,0
21.01,0
21.02,0
21.03,0
21.04,0
21.05,0
21.06,0
21.07,0
21.08,0
21.09,0
21.1,0
21.11,0
21.12,0
21.13,0
21.14,0
21.15,0
21.16,0
21.17,0
21.18,0
21.19,0
21.2,0
21.21,0
21.22,0
21.23,0
21.24,0
21.25,0
21.26,0
21.27,0
21.28,0
21.29,0
21.3,0
21.31,0
21.32,0
21.33,0
21.34,0
21.35,0
21.36,0
21.37,0
21.38,0
21.39,0
21.4,0
21.41,0
21.42,0
21.43,0
21.44,0
21.45,0
21.46,0
21.47,0
21.48,0
21.49,0
21.5,0
21.51,0
21.52,0
21.53,0
21.54,0
21.55,0
21.56,0
21.57,0
21.58,0
21.59,0
21.6,0
21.61,0
21.62,0
21.63,0
21.64,0
21.65,0
21.66,0
21.67,0
21.68,0
21.69,0
21.7,0
21.71,0
21.72,0
21.73,0
21.74,0
21.75,0
21.76,0
21.77,0
21.78,0
21.79,0
21.8,0
21.81,0
21.82,0
21.83,1
21.84,0
21.85,0
21.86,0
21.87,0
21.88,0
21.89,0
21.9,0
21.91,0
21.92,0
21.93,0
21.94,0
21.95,0
21.96,0
21.97,0
21.98,0
21.99,0
22,0
22.01,0
22.02,0
22.03,0
22.04,0
22.05,0
22.06,0
22.07,0
22.08,0
22.09,0
22.1,0
22.11,0
22.12,0
22.13,0
22.14,0
22.15,0
22.16,0
22.17,0
22.18,0
22.19,0
22.2,0
22.21,0
22.22,0
22.23,0
22.24,0
22.25,0
22.26,0
22.27,0
22.28,0
22.29,0
22.3,0
22.31,0
22.32,0
22.33,0
22.34,0
22.35,0
22.36,0
22.37,0
22.38,0
22.39,0
22.4,0
22.41,0
22.42,0
22.43,0
22.44,0
22.45,0
22.46,0
22.47,0
22.48,0
22.49,0
22.5,0
22.51,0
22.52,0
22.53,0
22.54,0
22.55,0
22.56,0
22.57,0
22.58,0
22.59,0
22.6,0
22.61,0
22.62,0
22.63,0
22.64,0
22.65,0
22.66,0
22.67,0
22.68,0
22.69,0
22.7,0
22.71,0
22.72,0
22.73,0
22.74,0
22.75,1
22.76,0
22.77,0
22.78,0
22.79,0
22.8,0
22.81,0
22.82,0
22.83,0
22.84,0
22.85,0
22.86,0
22.87,0
22.88,0
22.89,0
22.9,0
22.91,0
22.92,0
22.93,0
22.94,0
22.95,0
22.96,0
22.97,0
22.98,0
22.99,0
23,0
23.01,0
23.02,0
23.03,0
23.04,0
23.05,0
23.06,0
23.07,0
23.08,0
23.09,0
23.1,0
23.11,0
23.12,0
23.13,0
23.14,0
23.15,0
23.16,0
23.17,0
23.18,0
23.19,0
23.2,0
23.21,0
23.22,0
23.23,0
23.24,0
23.25,0
23.26,0
23.27,0
23.28,0
23.29,0
23.3,0
23.31,0
23.32,0
23.33,0
23.34,0
23.35,0
23.36,0
23.37,0
23.38,0
23.39,0
23.4,0
23.41,0
23.42,0
23.43,0
23.44,0
23.45,0
23.46,0
23.47,0
23.48,0
23.49,0
23.5,0
23.51,0
23.52,0
23.53,0
23.54,0
23.55,0
23.56,0
23.57,0
23.58,0
23.59,0
23.6,0
23.61,0
23.62,0
23.63,0
23.64,0
23.65,0
23.66,0
23.67,0
23.68,0
23.69,1
23.7,0
23.71,0
23.72,0
23.73,0
23.74,0
23.75,1
23.76,0
23.77,0
23.78,0
23.79,0
23.8,0
23.81,0
23.82,0
23.83,0
23.84,0
23.85,0
23.86,0
23.87,0
23.88,0
23.89,0
23.9,0
23.91,0
23.92,0
23.93,0
23.94,0
23.95,0
23.96,0
23.97,0
23.98,0
23.99,0
24,0
24.01,0
24.02,0
24.03,0
24.04,1
24.05,0
24.06,0
24.07,0
24.08,0
24.09,0
24.1,0
24.11,0
24.12,0
24.13,0
24.14,0
24.15,0
24.16,0
24.17,0
24.18,0
24.19,0
24.2,0
24.21,0
24.22,0
24.23,0
24.24,0
24.25,0
24.26,0
24.27,0
24.28,0
24.29,0
24.3,0
24.31,0
24.32,0
24.33,0
24.34,0
24.35,0
24.36,0
24.37,0
24.38,0
24.39,0
24.4,0
24.41,0
24.42,0
24.43,0
24.44,0
24.45,0
24.46,0
24.47,0
24.48,0
24.49,0
24.5,0
24.51,0
24.52,0
24.53,0
24.54,0
24.55,0
24.56,0
24.57,0
24.58,0
24.59,0
24.6,0
24.61,0
24.62,0
24.63,0
24.64,0
24.65,0
24.66,0
24.67,0
24.68,0
24.69,0
24.7,0
24.71,0
24.72,0
24.73,0
24.74,0
24.75,0
24.76,0
24.77,0
24.78,0
24.79,0
24.8,0
24.81,0
24.82,0
24.83,0
24.84,0
24.85,0
24.86,0
24.87,0
24.88,0
24.89,0
24.9,0
24.91,0
24.92,0
24.93,0
24.94,0
24.95,0
24.96,0
24.97,0
24.98,0
24.99,0
25,0
25.01,0
25.02,0
25.03,0
25.04,0
25.05,0
25.06,0
25.07,0
25.08,0
25.09,0
25.1,0
25.11,0
25.12,0
25.13,0
25.14,0
25.15,0
25.16,0
25.17,0
25.18,0
25.19,0
25.2,0
25.21,0
25.22,0
25.23,0
25.24,0
25.25,0
25.26,0
25.27,0
25.28,0
25.29,0
25.3,0
25.31,0
25.32,0
25.33,0
25.34,0
25.35,0
25.36,0
25.37,0
25.38,0
25.39,0
25.4,0
25.41,0
25.42,0
25.43,0
25.44,0
25.45,0
25.46,0
25.47,0
25.48,0
25.49,0
25.5,0
25.51,0
25.52,0
25.53,0
25.54,0
25.55,0
25.56,0
25.57,0
25.58,0
25.59,0
25.6,0
25.61,0
25.62,0
25.63,0
25.64,0
25.65,0
25.66,0
25.67,0
25.68,0
25.69,0
25.7,0
25.71,0
25.72,0
25.73,0
25.74,0
25.75,0
25.76,0
25.77,0
25.78,0
25.79,0
25.8,0
25.81,0
25.82,0
25.83,0
25.84,0
25.85,0
25.86,0
25.87,0
25.88,0
25.89,0
25.9,0
25.91,0
25.92,0
25.93,0
25.94,0
25.95,0
25.96,0
25.97,0
25.98,0
25.99,0
26,0
26.01,0
26.02,0
26.03,0
26.04,0
26.05,0
26.06,0
26.07,0
26.08,0
26.09,0
26.1,0
26.11,0
26.12,0
26.13,1
26.14,0
26.15,0
26.16,0
26.17,0
26.18,0
26.19,0
26.2,0
26.21,0
26.22,0
26.23,0
26.24,0
26.25,0
26.26,0
26.27,0
26.28,0
26.29,0
26.3,0
26.31,0
26.32,0
26.33,0
26.34,0
26.35,0
26.36,0
26.37,0
26.38,0
26.39,0
26.4,0
26.41,0
26.42,0
26.43,0
26.44,0
26.45,0
26.46,0
26.47,0
26.48,0
26.49,0
26.5,0
26.51,0
26.52,0
26.53,0
26.54,0
26.55,0
26.56,0
26.57,0
26.58,0
26.59,0
26.6,0
26.61,0
26.62,0
26.63,0
26.64,0
26.65,0
26.66,0
26.67,0
26.68,0
26.69,0
26.7,0
26.71,0
26.72,0
26.73,0
26.74,0
26.75,0
26.76,0
26.77,0
26.78,0
26.79,0
26.8,0
26.81,0
26.82,0
26.83,0
26.84,0
26.85,0
26.86,0
26.87,0
26.88,0
26.89,0
26.9,0
26.91,0
26.92,0
26.93,0
26.94,0
26.95,0
26.96,0
26.97,0
26.98,0
26.99,0
27,0
27.01,0
27.02,0
27.03,0
27.04,0
27.05,0
27.06,0
27.07,0
27.08,0
27.09,0
27.1,0
27.11,0
27.12,0
27.13,0
27.14,0
27.15,0
27.16,0
27.17,0
27.18,0
27.19,0
27.2,0
27.21,0
27.22,0
27.23,0
27.24,0
27.25,0
27.26,0
27.27,0
27.28,0
27.29,0
27.3,0
27.31,0
27.32,0
27.33,0
27.34,0
27.35,0
27.36,0
27.37,0
27.38,0
27.39,0
27.4,0
27.41,0
27.42,0
27.43,0
27.44,0
27.45,0
27.46,0
27.47,0
27.48,0
27.49,0
27.5,0
27.51,0
27.52,0
27.53,0
27.54,0
27.55,0
27.56,0
27.57,0
27.58,0
27.59,0
27.6,0
27.61,0
27.62,0
27.63,1
27.64,0
27.65,0
27.66,0
27.67,0
27.68,0
27.69,0
27.7,0
27.71,0
27.72,0
27.73,0
27.74,0
27.75,0
27.76,0
27.77,0
27.78,0
27.79,0
27.8,0
27.81,0
27.82,0
27.83,0
27.84,0
27.85,0
27.86,0
27.87,0
27.88,0
27.89,0
27.9,0
27.91,0
27.92,0
27.93,0
27.94,0
27.95,0
27.96,0
27.97,0
27.98,0
27.99,0
28,0
28.01,0
28.02,0
28.03,0
28.04,0
28.05,0
28.06,0
28.07,0
28.08,0
28.09,0
28.1,0
28.11,0
28.12,0
28.13,0
28.14,0
28.15,0
28.16,0
28.17,0
28.18,0
28.19,0
28.2,0
28.21,0
28.22,0
28.23,1
28.24,0
28.25,0
28.26,0
28.27,0
28.28,0
28.29,0
28.3,0
28.31,0
28.32,0
28.33,0
28.34,0
28.35,0
28.36,0
28.37,0
28.38,0
28.39,0
28.4,0
28.41,0
28.42,0
28.43,0
28.44,0
28.45,0
28.46,0
28.47,0
28.48,0
28.49,0
28.5,0
28.51,0
28.52,0
28.53,0
28.54,0
28.55,0
28.56,0
28.57,0
28.58,0
28.59,0
28.6,0
28.61,0
28.62,0
28.63,0
28.64,0
28.65,0
28.66,0
28.67,0
28.68,0
28.69,0
28.7,0
28.71,0
28.72,0
28.73,0
28.74,0
28.75,0
28.76,0
28.77,0
28.78,0
28.79,0
28.8,0
28.81,0
28.82,0
28.83,0
28.84,0
28.85,0
28.86,0
28.87,0
28.88,0
28.89,0
28.9,0
28.91,0
28.92,0
28.93,0
28.94,0
28.95,0
28.96,0
28.97,0
28.98,0
28.99,0
29,0
29.01,0
29.02,0
29.03,0
29.04,0
29.05,0
29.06,0
29.07,0
29.08,0
29.09,0
29.1,0
29.11,0
29.12,0
29.13,0
29.14,0
29.15,0
29.16,0
29.17,0
29.18,0
29.19,0
29.2,0
29.21,0
29.22,0
29.23,0
29.24,0
29.25,0
29.26,0
29.27,0
29.28,0
29.29,0
29.3,0
29.31,0
29.32,0
29.33,0
29.34,0
29.35,0
29.36,0
29.37,0
29.38,0
29.39,0
29.4,0
29.41,0
29.42,0
29.43,0
29.44,0
29.45,0
29.46,0
29.47,0
29.48,0
29.49,0
29.5,0
29.51,0
29.52,0
29.53,0
29.54,0
29.55,0
29.56,0
29.57,0
29.58,0
29.59,0
29.6,0
29.61,0
29.62,0
29.63,0
29.64,0
29.65,0
29.66,0
29.67,0
29.68,0
29.69,0
29.7,0
29.71,0
29.72,0
29.73,0
29.74,0
29.75,0
29.76,0
29.77,0
29.78,0
29.79,0
29.8,0
29.81,0
29.82,0
29.83,0
29.84,0
29.85,0
29.86,0
29.87,0
29.88,0
29.89,0
29.9,0
29.91,0
29.92,0
29.93,0
29.94,1
29.95,0
29.96,0
29.97,0
29.98,0
29.99,0
30,0
30.01,0
30.02,0
30.03,0
30.04,0
30.05,0
30.06,0
30.07,0
30.08,0
30.09,0
30.1,0
30.11,0
30.12,0
30.13,0
30.14,0
30.15,0
30.16,0
30.17,0
30.18,0
30.19,0
30.2,0
30.21,0
30.22,0
30.23,0
30.24,0
30.25,0
30.26,0
30.27,0
30.28,0
30.29,0
30.3,0
30.31,0
30.32,0
30.33,0
30.34,0
30.35,0
30.36,0
30.37,0
30.38,0
30.39,0
30.4,0
30.41,0
30.42,0
30.43,0
30.44,0
30.45,0
30.46,0
30.47,0
30.48,0
30.49,0
30.5,0
30.51,0
30.52,0
30.53,0
30.54,0
30.55,0
30.56,0
30.57,0
30.58,0
30.59,0
30.6,0
30.61,0
30.62,0
30.63,0
30.64,0
30.65,0
30.66,0
30.67,0
30.68,0
30.69,0
30.7,0
30.71,0
30.72,0
30.73,0
30.74,0
30.75,0
30.76,0
30.77,0
30.78,0
30.79,0
30.8,0
30.81,0
30.82,0
30.83,0
30.84,0
30.85,0
30.86,0
30.87,0
30.88,0
30.89,0
30.9,0
30.91,0
30.92,0
30.93,0
30.94,0
30.95,0
30.96,0
30.97,0
30.98,0
30.99,0
31,0
31.01,0
31.02,0
31.03,0
31.04,0
31.05,0
31.06,0
31.07,0
31.08,0
31.09,0
31.1,0
31.11,0
31.12,0
31.13,0
31.14,0
31.15,0
31.16,0
31.17,0
31.18,0
31.19,0
31.2,0
31.21,0
31.22,0
31.23,0
31.24,0
31.25,0
31.26,0
31.27,0
31.28,0
31.29,0
31.3,0
31.31,0
31.32,0
31.33,0
31.34,0
31.35,0
31.36,0
31.37,0
31.38,0
31.39,0
31.4,0
31.41,0
31.42,0
31.43,0
31.44,0
31.45,0
31.46,0
31.47,0
31.48,0
31.49,0
31.5,0
31.51,0
31.52,0
31.53,0
31.54,0
31.55,0
31.56,0
31.57,0
31.58,0
31.59,0
31.6,0
31.61,0
31.62,0
31.63,0
31.64,0
31.65,0
31.66,0
31.67,0
31.68,0
31.69,0
31.7,0
31.71,0
31.72,0
31.73,0
31.74,0
31.75,0
31.76,0
31.77,0
31.78,0
31.79,0
31.8,0
31.81,0
31.82,0
31.83,0
31.84,0
31.85,0
31.86,0
31.87,0
31.88,0
31.89,0
31.9,0
31.91,0
31.92,0
31.93,0
31.94,0
31.95,0
31.96,0
31.97,0
31.98,0
31.99,0
32,0
32.01,0
32.02,0
32.03,0
32.04,0
32.05,0
32.06,0
32.07,0
32.08,0
32.09,0
32.1,0
32.11,0
32.12,0
32.13,0
32.14,0
32.15,0
32.16,0
32.17,0
32.18,0
32.19,0
32.2,0
32.21,0
32.22,0
32.23,0
32.24,0
32.25,0
32.26,0
32.27,0
32.28,0
32.29,0
32.3,0
32.31,0
32.32,0
32.33,0
32.34,0
32.35,0
32.36,0
32.37,0
32.38,0
32.39,0
32.4,0
32.41,0
32.42,0
32.43,0
32.44,0
32.45,0
32.46,0
32.47,0
32.48,0
32.49,0
32.5,0
32.51,0
32.52,0
32.53,0
32.54,0
32.55,0
32.56,0
32.57,0
32.58,0
32.59,0
32.6,0
32.61,0
32.62,0
32.63,0
32.64,0
32.65,0
32.66,0
32.67,0
32.68,0
32.69,0
32.7,0
32.71,0
32.72,0
32.73,0
32.74,0
32.75,0
32.76,0
32.77,0
32.78,0
32.79,0
32.8,0
32.81,0
32.82,0
32.83,0
32.84,0
32.85,0
32.86,0
32.87,0
32.88,0
32.89,0
32.9,0
32.91,0
32.92,0
32.93,0
32.94,0
32.95,0
32.96,0
32.97,0
32.98,0
32.99,0
33,0
33.01,0
33.02,0
33.03,0
33.04,0
33.05,0
33.06,0
33.07,0
33.08,0
33.09,0
33.1,0
33.11,0
33.12,0
33.13,0
33.14,0
33.15,0
33.16,0
33.17,0
33.18,0
33.19,0
33.2,0
33.21,0
33.22,0
33.23,0
33.24,0
33.25,0
33.26,0
33.27,0
33.28,0
33.29,0
33.3,0
33.31,0
33.32,0
33.33,0
33.34,0
33.35,0
33.36,0
33.37,0
33.38,0
33.39,0
33.4,0
33.41,0
33.42,0
33.43,0
33.44,0
33.45,0
33.46,0
33.47,0
33.48,0
33.49,0
33.5,0
33.51,0
33.52,0
33.53,0
33.54,0
33.55,0
33.56,0
33.57,0
33.58,0
33.59,0
33.6,0
33.61,0
33.62,0
33.63,0
33.64,0
33.65,0
33.66,0
33.67,0
33.68,0
33.69,0
33.7,0
33.71,0
33.72,0
33.73,0
33.74,0
33.75,0
33.76,0
33.77,0
33.78,0
33.79,0
33.8,0
33.81,0
33.82,0
33.83,0
33.84,0
33.85,0
33.86,0
33.87,0
33.88,0
33.89,0
33.9,0
33.91,0
33.92,0
33.93,0
33.94,0
33.95,0
33.96,0
33.97,0
33.98,0
33.99,0
34,0
34.01,0
34.02,0
34.03,0
34.04,0
34.05,0
34.06,0
34.07,0
34.08,0
34.09,0
34.1,0
34.11,0
34.12,0
34.13,0
34.14,0
34.15,0
34.16,0
34.17,0
34.18,0
34.19,0
34.2,0
34.21,0
34.22,0
34.23,0
34.24,0
34.25,0
34.26,0
34.27,0
34.28,0
34.29,0
34.3,0
34.31,0
34.32,0
34.33,0
34.34,0
34.35,0
34.36,0
34.37,0
34.38,0
34.39,0
34.4,0
34.41,0
34.42,0
34.43,0
34.44,0
34.45,0
34.46,0
34.47,0
34.48,0
34.49,0
34.5,0
34.51,0
34.52,0
34.53,0
34.54,0
34.55,0
34.56,0
34.57,0
34.58,0
34.59,0
34.6,0
34.61,0
34.62,0
34.63,0
34.64,0
34.65,0
34.66,0
34.67,0
34.68,0
34.69,0
34.7,0
34.71,0
34.72,0
34.73,0
34.74,0
34.75,0
34.76,0
34.77,0
34.78,0
34.79,0
34.8,0
34.81,0
34.82,0
34.83,0
34.84,0
34.85,0
34.86,0
34.87,0
34.88,0
34.89,0
34.9,0
34.91,0
34.92,0
34.93,0
34.94,0
34.95,0
34.96,0
34.97,0
34.98,0
34.99,0
35,0
35.01,0
35.02,0
35.03,0
35.04,0
35.05,0
35.06,0
35.07,0
35.08,0
35.09,0
35.1,0
35.11,0
35.12,0
35.13,0
35.14,0
35.15,0
35.16,0
35.17,0
35.18,0
35.19,0
35.2,0
35.21,0
35.22,0
35.23,0
35.24,0
35.25,0
35.26,0
35.27,0
35.28,0
35.29,0
35.3,0
35.31,0
35.32,0
35.33,0
35.34,0
35.35,0
35.36,0
35.37,0
35.38,0
35.39,0
35.4,0
35.41,0
35.42,0
35.43,0
35.44,0
35.45,0
35.46,0
35.47,0
35.48,0
35.49,0
35.5,0
35.51,0
35.52,0
35.53,0
35.54,0
35.55,0
35.56,0
35.57,0
35.58,0
35.59,0
35.6,0
35.61,0
35.62,0
35.63,0
35.64,0
35.65,0
35.66,0
35.67,0
35.68,0
35.69,0
35.7,0
35.71,0
35.72,0
35.73,0
35.74,0
35.75,0
35.76,0
35.77,0
35.78,0
35.79,0
35.8,0
35.81,0
35.82,0
35.83,0
35.84,0
35.85,0
35.86,0
35.87,0
35.88,0
35.89,0
35.9,0
35.91,0
35.92,0
35.93,0
35.94,0
35.95,0
35.96,0
35.97,0
35.98,0
35.99,0
36,0
36.01,0
36.02,0
36.03,0
36.04,0
36.05,0
36.06,0
36.07,0
36.08,0
36.09,0
36.1,0
36.11,0
36.12,0
36.13,0
36.14,0
36.15,0
36.16,0
36.17,0
36.18,0
36.19,0
36.2,0
36.21,0
36.22,0
36.23,0
36.24,0
36.25,0
36.26,0
36.27,0
36.28,0
36.29,0
36.3,0
36.31,0
36.32,0
36.33,0
36.34,0
36.35,0
36.36,0
36.37,0
36.38,0
36.39,0
36.4,0
36.41,0
36.42,0
36.43,0
36.44,0
36.45,0
36.46,0
36.47,0
36.48,0
36.49,0
36.5,0
36.51,0
36.52,0
36.53,0
36.54,0
36.55,0
36.56,0
36.57,0
36.58,0
36.59,0
36.6,0
36.61,0
36.62,0
36.63,0
36.64,0
36.65,0
36.66,0
36.67,0
36.68,0
36.69,0
36.7,0
36.71,0
36.72,0
36.73,0
36.74,0
36.75,0
36.76,0
36.77,0
36.78,0
36.79,0
36.8,0
36.81,0
36.82,0
36.83,0
36.84,0
36.85,0
36.86,0
36.87,0
36.88,0
36.89,0
36.9,0
36.91,0
36.92,0
36.93,0
36.94,0
36.95,0
36.96,0
36.97,0
36.98,0
36.99,0
37,0
37.01,0
37.02,0
37.03,0
37.04,0
37.05,0
37.06,0
37.07,0
37.08,0
37.09,0
37.1,0
37.11,0
37.12,0
37.13,0
37.14,0
37.15,0
37.16,0
37.17,0
37.18,0
37.19,0
37.2,0
37.21,0
37.22,0
37.23,0
37.24,0
37.25,0
37.26,0
37.27,0
37.28,0
37.29,0
37.3,0
37.31,0
37.32,0
37.33,0
37.34,0
37.35,0
37.36,0
37.37,0
37.38,0
37.39,0
37.4,0
37.41,0
37.42,0
37.43,0
37.44,0
37.45,0
37.46,0
37.47,0
37.48,0
37.49,0
37.5,0
37.51,0
37.52,0
37.53,0
37.54,0
37.55,0
37.56,0
37.57,0
37.58,0
37.59,0
37.6,0
37.61,0
37.62,0
37.63,0
37.64,0
37.65,0
37.66,0
37.67,0
37.68,0
37.69,0
37.7,0
37.71,0
37.72,0
37.73,0
37.74,0
37.75,0
37.76,0
37.77,0
37.78,0
37.79,0
37.8,0
37.81,0
37.82,0
37.83,0
37.84,0
37.85,0
37.86,0
37.87,0
37.88,0
37.89,0
37.9,0
37.91,0
37.92,0
37.93,0
37.94,0
37.95,0
37.96,0
37.97,0
37.98,0
37.99,0
38,0
38.01,0
38.02,0
38.03,0
38.04,0
38.05,0
38.06,0
38.07,0
38.08,0
38.09,0
38.1,0
38.11,0
38.12,0
38.13,0
38.14,0
38.15,0
38.16,0
38.17,0
38.18,0
38.19,0
38.2,0
38.21,0
38.22,0
38.23,0
38.24,0
38.25,0
38.26,0
38.27,0
38.28,0
38.29,0
38.3,0
38.31,0
38.32,0
38.33,0
38.34,0
38.35,0
38.36,0
38.37,0
38.38,0
38.39,0
38.4,0
38.41,0
38.42,0
38.43,0
38.44,0
38.45,0
38.46,0
38.47,0
38.48,0
38.49,0
38.5,0
38.51,0
38.52,0
38.53,0
38.54,0
38.55,0
38.56,0
38.57,0
38.58,0
38.59,0
38.6,0
38.61,0
38.62,0
38.63,0
38.64,0
38.65,0
38.66,0
38.67,0
38.68,0
38.69,0
38.7,0
38.71,0
38.72,0
38.73,0
38.74,0
38.75,0
38.76,0
38.77,0
38.78,0
38.79,0
38.8,0
38.81,0
38.82,0
38.83,0
38.84,0
38.85,0
38.86,0
38.87,0
38.88,0
38.89,0
38.9,0
38.91,0
38.92,0
38.93,0
38.94,0
38.95,0
38.96,0
38.97,0
38.98,0
38.99,0
39,0
39.01,0
39.02,0
39.03,0
39.04,0
39.05,0
39.06,0
39.07,0
39.08,0
39.09,0
39.1,0
39.11,0
39.12,0
39.13,0
39.14,0
39.15,0
39.16,0
39.17,0
39.18,0
39.19,0
39.2,0
39.21,0
39.22,0
39.23,0
39.24,0
39.25,0
39.26,0
39.27,0
39.28,0
39.29,0
39.3,0
39.31,0
39.32,0
39.33,0
39.34,0
39.35,0
39.36,0
39.37,0
39.38,0
39.39,0
39.4,0
39.41,0
39.42,0
39.43,0
39.44,0
39.45,0
39.46,0
39.47,0
39.48,0
39.49,0
39.5,0
39.51,0
39.52,0
39.53,0
39.54,0
39.55,0
39.56,0
39.57,0
39.58,0
39.59,0
39.6,0
39.61,0
39.62,0
39.63,0
39.64,0
39.65,0
39.66,0
39.67,0
39.68,0
39.69,0
39.7,0
39.71,0
39.72,0
39.73,0
39.74,0
39.75,0
39.76,0
39.77,0
39.78,0
39.79,0
39.8,0
39.81,0
39.82,0
39.83,0
39.84,0
39.85,0
39.86,0
39.87,0
39.88,0
39.89,0
39.9,0
39.91,0
39.92,0
39.93,0
39.94,0
39.95,0
39.96,0
39.97,0
39.98,0
39.99,0
40,0
40.01,0
40.02,0
40.03,0
40.04,0
40.05,0
40.06,0
40.07,0
40.08,0
40.09,0
40.1,0
40.11,0
40.12,0
40.13,0
40.14,0
40.15,0
40.16,0
40.17,0
40.18,0
40.19,0
40.2,0
40.21,0
40.22,0
40.23,0
40.24,0
40.25,0
40.26,0
40.27,0
40.28,0
40.29,0
40.3,0
40.31,0
40.32,0
40.33,0
40.34,0
40.35,0
40.36,0
40.37,0
40.38,0
40.39,0
40.4,0
40.41,0
40.42,0
40.43,0
40.44,0
40.45,0
40.46,0
40.47,0
40.48,0
40.49,0
40.5,0
40.51,0
40.52,0
40.53,0
40.54,0
40.55,0
40.56,0
40.57,0
40.58,0
40.59,0
40.6,0
40.61,0
40.62,0
40.63,0
40.64,0
40.65,0
40.66,0
40.67,0
40.68,0
40.69,0
40.7,0
40.71,0
40.72,0
40.73,0
40.74,0
40.75,0
40.76,0
40.77,0
40.78,0
40.79,0
40.8,0
40.81,0
40.82,0
40.83,0
40.84,0
40.85,0
40.86,0
40.87,0
40.88,0
40.89,0
40.9,0
40.91,0
40.92,0
40.93,0
40.94,0
40.95,0
